-- phpMyAdmin SQL Dump
-- version 4.8.5
-- https://www.phpmyadmin.net/
--
-- Host: localhost
-- Generation Time: Feb 05, 2021 at 06:46 PM
-- Server version: 8.0.13-4
-- PHP Version: 7.2.24-0ubuntu0.18.04.7

SET SQL_MODE = "NO_AUTO_VALUE_ON_ZERO";
SET AUTOCOMMIT = 0;
START TRANSACTION;
SET time_zone = "+00:00";


/*!40101 SET @OLD_CHARACTER_SET_CLIENT=@@CHARACTER_SET_CLIENT */;
/*!40101 SET @OLD_CHARACTER_SET_RESULTS=@@CHARACTER_SET_RESULTS */;
/*!40101 SET @OLD_COLLATION_CONNECTION=@@COLLATION_CONNECTION */;
/*!40101 SET NAMES utf8mb4 */;

--
-- Database: `boZoXSiaGl`
--

-- --------------------------------------------------------

--
-- Table structure for table `admin_user`
--

CREATE TABLE `admin_user` (
  `a_id` int(11) NOT NULL,
  `username` varchar(255) NOT NULL,
  `email` varchar(255) NOT NULL,
  `password` varchar(255) NOT NULL,
  `token` varchar(255) NOT NULL,
  `verified` tinyint(1) NOT NULL DEFAULT '0'
) ENGINE=MyISAM DEFAULT CHARSET=utf8mb4 COLLATE=utf8mb4_general_ci;

--
-- Dumping data for table `admin_user`
--

INSERT INTO `admin_user` (`a_id`, `username`, `email`, `password`, `token`, `verified`) VALUES
(1, 'BHMS Developer', 'samnjormessy@gmail.com', '$2y$10$ZFvHAQVDEIrElhv6l734WOs4QWgGJLTar2p7wLT.ScRyzx73HvApW', '9f5043580b77282dcee7004bf971b0c0', 1),
(2, 'Lameck omwamba', 'omwambalameck@outlook.com', '$2y$10$iSzRBtEbI690ce0EmvAyUO8/4JB0eWxu.g27Xgl4qKn8gzil.rK7i', '71244bc04685ce4db1277fb0oijio123a061a', 1),
(3, 'Grace Bundi', 'gracebundi110@gmail.com', '$2y$10$m7mm9fRquMsOki.rC7b6CeyS9MSVQTsaKiDb4EtDVRJWzuGM8UThq', '09$2ylk$10$m7mm9fRquMsOkiki', 1),
(4, 'BHMS Developer', 'lameckomwamba@gmail.com', '$2y$10$3mkCAaRaaO7GUg1z45LgSeqg62ZEvZHKR5z8pEHCAvtOqnJDgGJte', 'fd1214f16c70ddf7455be3dc5f4925a1', 0);

-- --------------------------------------------------------

--
-- Table structure for table `daily_sales`
--

CREATE TABLE `daily_sales` (
  `dr_id` int(6) NOT NULL,
  `i_reading` decimal(19,2) NOT NULL,
  `f_reading` decimal(19,2) NOT NULL,
  `units` decimal(19,2) NOT NULL,
  `Amount` int(6) NOT NULL,
  `Expenditures` varchar(255) CHARACTER SET utf8mb4 COLLATE utf8mb4_bin NOT NULL,
  `Amount_Exp` int(6) NOT NULL,
  `Final_Amount` int(6) NOT NULL,
  `recorded_date` date NOT NULL,
  `updated_date` date DEFAULT NULL
) ENGINE=MyISAM DEFAULT CHARSET=utf8mb4 COLLATE=utf8mb4_general_ci;

--
-- Dumping data for table `daily_sales`
--

INSERT INTO `daily_sales` (`dr_id`, `i_reading`, `f_reading`, `units`, `Amount`, `Expenditures`, `Amount_Exp`, `Final_Amount`, `recorded_date`, `updated_date`) VALUES
(2, '2624.00', '2630.00', '6.00', 460, 'lunch, cc', 150, 310, '2020-01-02', NULL),
(3, '2630.00', '2634.00', '4.00', 600, 'LUNCH, CC', 150, 450, '2020-01-03', NULL),
(4, '2634.00', '2635.00', '1.00', 835, 'CC, LUNCH, MILK', 350, 485, '2020-01-04', NULL),
(5, '2635.00', '2641.00', '6.00', 610, 'Lunch, Cleaning', 150, 460, '2020-01-05', NULL),
(6, '2641.00', '2643.00', '2.00', 165, 'lunch', 50, 115, '2020-01-06', NULL),
(7, '2643.00', '2644.00', '1.00', 105, 'lunch', 50, 55, '2020-01-07', NULL),
(8, '2644.00', '2646.00', '2.00', 185, 'lunch', 50, 135, '2020-01-09', NULL),
(9, '2646.00', '2648.00', '2.00', 305, 'tea, Lunch', 150, 155, '2020-01-10', NULL),
(10, '2648.00', '2653.00', '5.00', 710, 'lunch,compoundcleaning,milk', 350, 360, '2020-01-11', '2020-07-04'),
(11, '2653.00', '2655.00', '2.00', 185, 'lunch,milk', 100, 85, '2020-01-13', '2020-07-04'),
(12, '2655.00', '2657.00', '2.00', 460, 'tea, lunch', 150, 310, '2020-01-14', NULL),
(13, '2657.00', '2659.00', '2.00', 230, 'lunch,milk', 150, 80, '2020-01-15', '2020-07-04'),
(14, '2659.00', '2662.00', '3.00', 390, 'lunch', 50, 340, '2020-01-16', NULL),
(15, '2662.00', '2666.00', '4.00', 300, 'Lunch', 50, 250, '2020-01-17', NULL),
(16, '2666.00', '2672.00', '6.00', 960, 'lunch', 50, 910, '2020-01-18', NULL),
(17, '2672.00', '2679.00', '7.00', 635, 'lunch, charcoal,milk', 250, 385, '2020-01-20', '2020-07-04'),
(18, '2679.00', '2682.00', '3.00', 640, 'lunch', 50, 590, '2020-01-21', NULL),
(19, '2682.00', '2684.00', '2.00', 430, 'lunch', 50, 380, '2020-01-22', NULL),
(20, '2684.00', '2687.00', '3.00', 305, 'lunch', 50, 255, '2020-01-23', NULL),
(21, '2687.00', '2692.00', '5.00', 405, 'tea, lunch', 150, 255, '2020-01-24', NULL),
(22, '2692.00', '2697.00', '5.00', 640, 'lunch, tea', 250, 390, '2020-01-25', NULL),
(23, '2697.00', '2698.00', '1.00', 155, 'lunch', 50, 105, '2020-01-27', NULL),
(24, '2698.00', '2700.00', '2.00', 125, 'lunch', 50, 75, '2020-01-28', NULL),
(25, '2700.00', '2703.00', '3.00', 200, 'lunch', 50, 150, '2020-01-29', NULL),
(26, '2703.00', '2706.00', '3.00', 305, 'lunch, tea', 100, 205, '2020-01-30', NULL),
(27, '2706.00', '2709.00', '3.00', 315, 'compundcleaning, lunch', 150, 65, '2020-01-31', '2020-07-03'),
(28, '2709.00', '2711.00', '2.00', 345, 'milk,lunch', 150, 195, '2020-02-01', NULL),
(29, '2709.00', '2714.00', '5.00', 270, 'milk,lunch', 150, 120, '2020-02-03', NULL),
(30, '2714.00', '2717.00', '3.00', 420, 'milk, lunch', 150, 270, '2020-02-04', NULL),
(31, '2717.00', '2720.00', '3.00', 320, 'milk, lunch', 150, 170, '2020-02-05', NULL),
(32, '2720.00', '2724.00', '4.00', 485, 'milk, lunch', 150, 335, '2020-02-06', NULL),
(33, '2724.00', '2727.00', '3.00', 515, 'cleaning, milk, lunch', 250, 265, '2020-02-07', NULL),
(34, '2727.00', '2738.00', '11.00', 620, 'lunch,gasfilling, milk', 350, 270, '2020-02-08', NULL),
(35, '2734.00', '2738.00', '4.00', 740, 'milk, lunch', 150, 590, '2020-02-11', NULL),
(36, '2742.00', '2748.00', '6.00', 650, 'milk, lunch', 150, 500, '2020-02-12', NULL),
(37, '2734.00', '2738.00', '4.00', 620, 'gasfilling, milk,lunch', 350, 270, '2020-02-10', NULL),
(38, '2748.00', '2753.00', '5.00', 675, 'lunch', 50, 625, '2020-02-13', NULL),
(39, '2753.00', '2758.00', '5.00', 665, 'milk, lunch', 150, 515, '2020-02-14', NULL),
(40, '2758.00', '2766.00', '8.00', 1050, 'cleaning, milk', 400, 650, '2020-02-15', NULL),
(41, '2766.00', '2772.00', '6.00', 975, 'lunch, milk', 150, 825, '2020-02-17', NULL),
(42, '2772.00', '2778.00', '6.00', 825, 'lunch, milk', 150, 675, '2020-02-18', NULL),
(43, '2778.00', '2783.00', '5.00', 765, 'milk, lunch', 150, 615, '2020-02-19', NULL),
(44, '2783.00', '2787.00', '4.00', 675, 'milk, lunch', 150, 525, '2020-02-20', NULL),
(45, '2783.00', '2784.00', '1.00', 980, 'cleaning, milk, lunch', 250, 730, '2020-02-21', NULL),
(46, '2794.00', '2800.00', '6.00', 880, 'milk, lunch', 250, 630, '2020-02-23', NULL),
(47, '2800.00', '2805.00', '5.00', 1050, 'milk,lunch', 150, 900, '2020-02-24', '2020-07-03'),
(48, '2805.00', '2809.00', '4.00', 760, 'lunch', 50, 710, '2020-02-25', '2020-07-03'),
(49, '2809.00', '2812.00', '3.00', 535, 'milk, lunch', 150, 385, '2020-02-26', NULL),
(50, '2812.00', '2816.00', '4.00', 450, 'lunch', 50, 400, '2020-02-27', NULL),
(51, '2816.00', '2820.00', '4.00', 520, 'lunch', 50, 470, '2020-02-28', NULL),
(52, '2820.00', '2827.00', '7.00', 975, 'milk, lunch', 250, 725, '2020-02-29', NULL),
(53, '2827.00', '2828.00', '1.00', 105, 'lunch', 50, 55, '2020-03-02', NULL),
(54, '2827.00', '2829.00', '2.00', 165, 'milk', 90, 75, '2020-03-03', NULL),
(55, '2829.00', '2831.00', '2.00', 360, 'cleaning, lunch, milk', 250, 110, '2020-03-04', NULL),
(56, '2831.00', '2883.00', '52.00', 360, 'milk, lunch', 150, 210, '2020-03-05', NULL),
(57, '2833.00', '2836.00', '3.00', 425, 'lunch,cleaning', 150, 275, '2020-03-06', NULL),
(58, '2836.00', '2842.00', '6.00', 450, 'milk, lunch', 250, 200, '2020-03-07', NULL),
(59, '2842.00', '2845.00', '3.00', 575, 'cleaning, lunch, milk', 250, 325, '2020-03-09', NULL),
(60, '2846.00', '2848.00', '2.00', 230, 'cleaning,milk', 160, 70, '2020-03-10', NULL),
(61, '2848.00', '2850.00', '2.00', 265, 'milk, lunch', 150, 115, '2020-03-11', NULL),
(62, '2850.00', '2854.00', '4.00', 655, 'lunch', 50, 605, '2020-03-12', NULL),
(63, '2857.00', '2861.00', '4.00', 410, 'milk, lunch', 150, 260, '2020-03-13', NULL),
(64, '2861.00', '2865.00', '4.00', 820, 'cleaning, milk, lunch', 250, 570, '2020-03-16', NULL),
(65, '2865.00', '2870.00', '5.00', 580, 'milk, lunch', 150, 430, '2020-03-17', NULL),
(66, '2870.00', '2874.00', '4.00', 430, 'milk,lunch', 150, 280, '2020-03-18', NULL),
(67, '2874.00', '2878.00', '4.00', 370, 'milk, lunch', 150, 220, '2020-03-19', NULL),
(68, '2878.00', '2884.00', '6.00', 605, 'milk, lunch', 150, 455, '2020-03-20', NULL),
(69, '2884.00', '2887.00', '3.00', 455, 'cleaning, milk, lunch', 250, 205, '2020-03-21', NULL),
(70, '2887.00', '2891.00', '4.00', 435, 'milk, lunch', 150, 285, '2020-03-23', NULL),
(71, '2891.00', '2894.00', '3.00', 470, 'lunch', 320, 150, '2020-03-24', NULL),
(72, '2894.00', '2897.00', '3.00', 415, 'lunch', 50, 365, '2020-03-25', NULL),
(73, '2897.00', '2900.00', '3.00', 455, 'cleaning, lunch', 150, 305, '2020-03-26', NULL),
(74, '2900.00', '2901.00', '1.00', 55, 'none', 0, 55, '2020-03-27', NULL),
(75, '2901.00', '2903.00', '2.00', 135, 'lunch', 50, 85, '2020-03-28', NULL),
(76, '2903.00', '2906.00', '3.00', 230, 'cleaning, lunch', 150, 80, '2020-03-30', NULL),
(77, '2906.00', '2909.00', '3.00', 315, 'lunch', 50, 265, '2020-03-31', NULL),
(78, '2909.00', '2912.00', '3.00', 360, 'milk, cleaning, lunch', 250, 110, '2020-04-01', NULL),
(79, '2912.00', '2915.00', '3.00', 340, 'lunch', 50, 290, '2020-04-02', NULL),
(80, '2915.00', '2918.00', '3.00', 335, 'lunch', 50, 285, '2020-04-03', NULL),
(81, '2918.00', '2923.00', '5.00', 455, 'lunch', 50, 405, '2020-04-04', NULL),
(82, '2923.00', '2926.00', '3.00', 355, 'lunch', 50, 305, '2020-04-06', NULL),
(83, '2926.00', '2930.00', '4.00', 315, 'lunch', 50, 265, '2020-04-07', NULL),
(84, '2930.00', '2933.00', '3.00', 280, 'lunch', 50, 230, '2020-04-08', NULL),
(85, '2933.00', '2937.00', '4.00', 385, 'lunch', 50, 335, '2020-04-09', NULL),
(86, '2937.00', '2942.00', '5.00', 375, 'cleaning, lunch', 150, 225, '2020-04-10', NULL),
(87, '2942.00', '2944.00', '2.00', 425, 'lunch', 50, 375, '2020-04-11', NULL),
(88, '2944.00', '2947.00', '3.00', 375, 'lunch', 50, 325, '2020-04-13', NULL),
(89, '2947.00', '2950.00', '3.00', 470, 'lunch', 50, 420, '2020-04-14', NULL),
(90, '2950.00', '2951.00', '1.00', 185, 'lunch', 50, 135, '2020-04-15', NULL),
(91, '2951.00', '2955.00', '4.00', 455, 'lunch', 50, 405, '2020-04-16', NULL),
(92, '2955.00', '2958.00', '3.00', 420, 'lunch, milk', 150, 270, '2020-04-17', NULL),
(93, '2958.00', '2960.00', '2.00', 330, 'lunch', 50, 280, '2020-04-18', NULL),
(94, '2960.00', '2962.00', '2.00', 285, 'lunch', 50, 235, '2020-04-20', NULL),
(95, '2962.00', '2963.00', '1.00', 140, 'lunch', 50, 90, '2020-04-21', NULL),
(96, '2963.00', '2964.00', '1.00', 125, 'lunch', 50, 75, '2020-04-22', NULL),
(97, '2964.00', '2965.00', '1.00', 105, 'lunch', 50, 55, '2020-04-24', NULL),
(98, '2965.00', '2966.00', '1.00', 60, 'lunch', 0, 60, '2020-04-25', NULL),
(99, '2966.00', '2968.00', '2.00', 250, 'lunch, cleaning', 150, 100, '2020-04-27', NULL),
(100, '2968.00', '2970.00', '2.00', 275, 'lunch, cleaning', 150, 125, '2020-04-28', NULL),
(101, '2970.00', '2972.00', '2.00', 250, 'lunch', 50, 200, '2020-04-29', NULL),
(102, '2972.00', '2973.00', '1.00', 320, 'lunch', 50, 270, '2020-04-30', NULL),
(103, '2974.00', '2975.00', '1.00', 180, 'lunch', 50, 130, '2020-05-01', NULL),
(104, '2975.00', '2978.00', '3.00', 250, 'lunch', 150, 100, '2020-05-02', NULL),
(105, '2978.00', '2981.00', '3.00', 370, 'lunch, cleaning, milk', 250, 120, '2020-05-04', NULL),
(106, '2982.00', '2984.00', '2.00', 425, 'lunch, milk', 150, 275, '2020-05-05', NULL),
(107, '2985.00', '2986.00', '1.00', 300, 'lunch', 50, 250, '2020-05-06', NULL),
(108, '2987.00', '2988.00', '1.00', 305, 'lunch', 50, 255, '2020-05-07', NULL),
(109, '2989.00', '2991.00', '2.00', 380, 'lunch, milk', 50, 330, '2020-05-08', '2020-07-04'),
(110, '2991.00', '2994.00', '3.00', 560, 'lunch', 50, 510, '2020-05-09', NULL),
(111, '2994.00', '2996.00', '2.00', 375, 'lunch, cleaning', 150, 225, '2020-05-11', NULL),
(112, '2997.00', '2999.00', '2.00', 325, 'lunch', 50, 275, '2020-05-12', NULL),
(113, '3000.00', '3003.00', '3.00', 460, 'lunch', 50, 410, '2020-05-13', NULL),
(114, '3004.00', '3006.00', '2.00', 305, 'lunch', 50, 255, '2020-05-14', NULL),
(115, '3006.00', '3008.00', '2.00', 370, 'lunch', 50, 320, '2020-05-15', NULL),
(116, '3009.00', '3011.00', '2.00', 455, 'lunch', 50, 405, '2020-05-16', NULL),
(117, '3012.00', '3013.00', '1.00', 505, 'lunch, cleaning', 250, 255, '2020-05-18', NULL),
(118, '3014.00', '3015.00', '1.00', 305, 'lunch', 50, 255, '2020-05-19', NULL),
(119, '3015.00', '3018.00', '3.00', 410, 'lunch, cleaning', 150, 260, '2020-05-20', NULL),
(120, '3019.00', '3020.00', '1.00', 385, 'lunch, token, cleaning', 150, 235, '2020-05-21', NULL),
(121, '3021.00', '3023.00', '2.00', 410, 'lunch, cleaning', 150, 260, '2020-05-22', NULL),
(122, '3024.00', '3025.00', '1.00', 320, 'lunch, cleaning', 150, 170, '2020-05-23', NULL),
(123, '3026.00', '3028.00', '2.00', 410, 'lunch,cleaning', 150, 260, '2020-05-25', '2020-07-04'),
(124, '3029.00', '3032.00', '3.00', 320, 'lunch, cleaning', 150, 170, '2020-05-26', NULL),
(125, '3033.00', '3037.00', '4.00', 540, 'lunch, cleaning', 150, 390, '2020-05-27', NULL),
(126, '3038.00', '3042.00', '4.00', 560, 'lunch, cleaning', 150, 410, '2020-05-28', NULL),
(127, '3043.00', '3045.00', '2.00', 375, 'lunch, cleaning', 150, 225, '2020-05-29', NULL),
(128, '3046.00', '3050.00', '4.00', 650, 'lunch,cleaning', 150, 500, '2020-05-30', '2020-07-04'),
(129, '3051.00', '3053.00', '2.00', 475, 'lunch', 100, 375, '2020-06-01', NULL),
(130, '3054.00', '3055.00', '1.00', 410, 'lunch, cleaning', 150, 260, '2020-06-02', NULL),
(131, '3055.00', '3056.00', '1.00', 530, 'lunch, clenaing', 150, 380, '2020-06-03', NULL),
(132, '3057.00', '3058.00', '1.00', 460, 'lunch', 50, 410, '2020-06-04', NULL),
(133, '3058.00', '3060.00', '2.00', 380, 'lunch', 50, 330, '2020-06-05', NULL),
(134, '3060.00', '3063.00', '3.00', 675, 'lunnch, cleaning', 100, 575, '2020-06-06', NULL),
(135, '3063.00', '3065.00', '2.00', 410, 'lunch, cleaning', 150, 260, '2020-06-08', NULL),
(136, '3066.00', '3068.00', '2.00', 310, 'lunch, cleaning', 150, 160, '2020-06-09', NULL),
(137, '3068.00', '3069.00', '1.00', 255, 'lunch', 50, 205, '2020-06-10', NULL),
(138, '3070.00', '3072.00', '2.00', 445, 'lunch, cleaning', 150, 295, '2020-06-11', NULL),
(139, '3072.00', '3075.00', '3.00', 470, 'lunch, cleaning', 150, 320, '2020-06-12', NULL),
(140, '3075.00', '3076.00', '1.00', 255, 'lunch, cleaning', 150, 105, '2020-06-13', NULL),
(141, '3077.00', '3079.00', '2.00', 310, 'lunch, cleaning', 150, 160, '2020-06-15', NULL),
(142, '3079.00', '3081.00', '2.00', 315, 'lunch, cleaning', 150, 165, '2020-06-16', NULL),
(143, '3081.00', '3084.00', '3.00', 470, 'lunch, cleaning', 150, 320, '2020-06-17', NULL),
(144, '3085.00', '3089.00', '4.00', 650, 'lunch, cleaning', 150, 500, '2020-06-18', NULL),
(145, '3089.00', '3092.00', '3.00', 435, 'lunch, cleaning', 150, 285, '2020-06-19', NULL),
(146, '3092.00', '3095.00', '3.00', 855, 'lunch, cleaning', 150, 705, '2020-06-20', NULL),
(147, '3095.00', '3099.00', '4.00', 600, 'lunch, cleaning', 150, 450, '2020-06-22', NULL),
(148, '3099.00', '3102.00', '3.00', 605, 'lunch, cleaning', 150, 455, '2020-06-23', NULL),
(149, '3102.00', '3104.00', '2.00', 480, 'lunch, cleaning', 150, 330, '2020-06-24', NULL),
(150, '3104.00', '3107.00', '3.00', 610, 'lunch, cleaning', 150, 460, '2020-06-25', NULL),
(151, '3107.00', '3110.00', '3.00', 615, 'lunch, milk', 150, 465, '2020-06-26', NULL),
(152, '3110.00', '3114.00', '4.00', 670, 'cleaning,lunch', 150, 520, '2020-06-27', NULL),
(153, '3115.00', '3119.00', '4.00', 510, 'lunch, cleaning', 150, 360, '2020-06-29', NULL),
(154, '3119.00', '3122.00', '3.00', 515, 'lunch, milk', 150, 365, '2020-06-30', NULL),
(155, '3122.00', '3126.00', '4.00', 585, 'lunch, cleaning', 150, 435, '2020-07-01', NULL),
(156, '3126.00', '3129.00', '3.00', 435, 'lunch,cleaning', 150, 285, '2020-07-02', NULL),
(157, '3129.00', '3131.00', '2.00', 385, 'lunch, cleaning', 150, 235, '2020-07-03', NULL),
(159, '3131.00', '3135.00', '4.00', 610, 'cleaning, lunch', 150, 460, '2020-07-04', NULL),
(160, '3135.00', '3139.00', '4.00', 615, 'cleaning, lunch', 200, 415, '2020-07-06', NULL),
(161, '3139.00', '3142.00', '3.00', 575, 'sugar, cleaning', 150, 425, '2020-07-07', NULL),
(162, '3142.00', '3144.00', '2.00', 405, 'cleaning, lunch', 150, 255, '2020-07-08', NULL),
(163, '3144.00', '3147.00', '3.00', 430, 'cleaning, lunch', 150, 280, '2020-07-09', NULL),
(164, '3147.00', '3150.00', '3.00', 465, 'cleaning, lunch', 150, 315, '2020-07-10', NULL),
(165, '3150.00', '3156.00', '6.00', 610, 'cleaning, lunch', 150, 460, '2020-07-11', NULL),
(166, '3156.00', '3160.00', '4.00', 655, 'detergent, cleaning, lunch', 250, 405, '2020-07-13', NULL),
(167, '3160.00', '3165.00', '5.00', 510, 'cc, lunch', 150, 360, '2020-07-14', NULL),
(168, '3165.00', '3167.00', '2.00', 310, 'cleaning, lunch', 150, 160, '2020-07-15', NULL),
(169, '3167.00', '3170.00', '3.00', 415, 'cc, lunch', 150, 265, '2020-07-16', NULL),
(170, '3170.00', '3173.00', '3.00', 490, 'LUNCH, DETERGENT', 150, 340, '2020-07-17', NULL),
(171, '3173.00', '3176.00', '3.00', 605, 'LUNCH, CC', 150, 455, '2020-07-18', NULL),
(172, '3176.00', '3180.00', '4.00', 525, 'LUNCH, CC, DGNT', 150, 375, '2020-07-20', NULL),
(173, '3180.00', '3184.00', '4.00', 555, 'CC, LUNCH', 150, 405, '2020-07-21', NULL),
(174, '3184.00', '3186.00', '2.00', 495, 'LUNCH, DTGNT', 150, 345, '2020-07-22', NULL),
(175, '3186.00', '3190.00', '4.00', 560, 'CC, LUNCH', 150, 410, '2020-07-23', NULL),
(176, '3190.00', '3193.00', '3.00', 450, 'CC, LUNCH', 150, 300, '2020-07-24', NULL),
(177, '3193.00', '3196.00', '3.00', 555, 'LUNCH, CC', 150, 405, '2020-07-25', NULL),
(178, '3196.00', '3199.00', '3.00', 545, 'CC, LUNCH', 150, 395, '2020-07-27', NULL),
(179, '3199.00', '3202.00', '3.00', 450, 'SUGAR, LUNCH', 150, 300, '2020-07-28', NULL),
(180, '3202.00', '3204.00', '2.00', 440, 'LUNCH, CC', 150, 290, '2020-07-29', NULL),
(181, '3210.00', '3216.00', '6.00', 615, 'cc, LUNCH', 150, 465, '2020-08-01', NULL),
(182, '3216.00', '3219.00', '3.00', 555, 'CC,LUNCH', 150, 405, '2020-08-02', NULL),
(183, '3219.00', '3223.00', '4.00', 500, 'CC, LUNCH', 150, 350, '2020-08-03', NULL),
(184, '3223.00', '3227.00', '4.00', 580, 'CC, LUNCH', 150, 430, '2020-08-04', NULL),
(185, '3227.00', '3231.00', '4.00', 415, 'cc, lunch', 150, 265, '2020-08-05', NULL),
(186, '3231.00', '3235.00', '4.00', 565, 'lunch, cc', 150, 415, '2020-08-06', NULL),
(187, '3235.00', '3240.00', '5.00', 610, 'cc, lunch, detergent', 250, 360, '2020-08-07', NULL),
(188, '3240.00', '3245.00', '5.00', 625, 'cc, lunch', 150, 475, '2020-08-10', '2020-09-04'),
(189, '3245.00', '3251.00', '6.00', 830, 'cc, lunch', 150, 680, '2020-08-11', NULL),
(190, '3251.00', '3254.00', '3.00', 625, 'cc, lunch', 150, 475, '2020-08-12', NULL),
(191, '3254.00', '3258.00', '4.00', 765, 'cc, lunch', 150, 615, '2020-08-13', NULL),
(192, '3258.00', '3264.00', '6.00', 1065, 'cc, milk', 150, 915, '2020-08-14', NULL),
(193, '3264.00', '3270.00', '6.00', 1235, 'jik, cc, lunch', 250, 985, '2020-08-15', NULL),
(194, '3270.00', '3275.00', '5.00', 1480, 'lunc, cc', 150, 1330, '2020-08-17', NULL),
(195, '3275.00', '3280.00', '5.00', 1345, 'cc, lunch', 150, 1195, '2020-08-18', NULL),
(196, '3280.00', '3284.00', '4.00', 1090, 'cc, cleaning', 150, 940, '2020-08-19', NULL),
(197, '3284.00', '3288.00', '4.00', 1270, 'lunch, cc', 150, 1120, '2020-08-20', NULL),
(198, '3288.00', '3292.00', '4.00', 1015, 'cc, lunch', 150, 865, '2020-08-21', NULL),
(199, '3292.00', '3296.00', '4.00', 1235, 'cc, lunch', 150, 1085, '2020-08-22', NULL),
(200, '3296.00', '3301.00', '5.00', 1365, 'cc, lunch, jik', 250, 1115, '2020-08-24', NULL),
(201, '3301.00', '3305.00', '4.00', 1310, 'lunch, cc', 150, 1160, '2020-08-25', NULL),
(202, '3305.00', '3311.00', '6.00', 1255, 'cc, lunch', 150, 1105, '2020-08-26', NULL),
(203, '3311.00', '3315.00', '4.00', 1150, 'lunch, cc', 150, 1000, '2020-08-27', NULL),
(204, '3315.00', '3320.00', '5.00', 1110, 'cc, lunch', 150, 960, '2020-08-28', NULL),
(205, '3320.00', '3324.00', '4.00', 760, 'cc, lunch', 150, 610, '2020-08-29', NULL),
(206, '3324.00', '3329.00', '5.00', 1435, 'lunch, cc', 150, 1285, '2020-08-31', NULL),
(207, '3329.00', '3334.00', '5.00', 1125, 'lunch, cc', 150, 975, '2020-09-01', NULL),
(208, '3334.00', '3339.00', '5.00', 900, 'cc, lunch', 150, 750, '2020-09-02', NULL),
(209, '3339.00', '3343.00', '4.00', 1200, 'cc, lunch, bananas', 550, 650, '2020-09-03', NULL),
(210, '3343.00', '3346.00', '3.00', 880, 'cc, lunch', 150, 730, '2020-09-04', NULL),
(211, '3346.00', '3349.00', '3.00', 660, 'lunch, cc', 150, 510, '2020-09-05', NULL),
(212, '3349.00', '3352.00', '3.00', 540, 'cc, lunch', 150, 390, '2020-09-07', NULL),
(213, '3352.00', '3355.00', '3.00', 615, 'cc, lunch', 150, 465, '2020-09-08', NULL),
(214, '3255.00', '3257.00', '2.00', 680, 'cc, lunch', 250, 430, '2020-09-09', NULL),
(215, '3257.00', '3260.00', '3.00', 510, 'cc, lunch', 150, 360, '2020-09-10', NULL),
(216, '3360.00', '3365.00', '5.00', 715, 'cc, lunch', 150, 565, '2020-09-11', NULL),
(217, '3365.00', '3368.00', '3.00', 555, 'cc, lunch', 150, 405, '2020-09-12', NULL),
(218, '3368.00', '3371.00', '3.00', 665, 'cc, lunch', 250, 415, '2020-09-14', NULL),
(219, '3371.00', '3373.00', '2.00', 845, '150', 150, 695, '2020-09-15', NULL),
(220, '3373.00', '3376.00', '3.00', 610, 'cc, lunch', 150, 460, '2020-10-16', NULL),
(221, '3376.00', '3379.00', '3.00', 470, 'cc, lunch', 150, 320, '2020-09-17', NULL),
(222, '3379.00', '3382.00', '3.00', 545, 'cc, lunch', 150, 395, '2020-09-18', NULL),
(223, '3382.00', '3384.00', '2.00', 570, 'cc, lunch', 150, 420, '2020-09-19', NULL),
(224, '3384.00', '3387.00', '3.00', 660, 'cc, lunch', 150, 510, '2020-09-21', NULL),
(225, '3387.00', '3390.00', '3.00', 605, 'cc, lunch', 250, 355, '2020-09-22', NULL),
(226, '3390.00', '3393.00', '3.00', 520, 'cc, lunch', 150, 370, '2020-09-23', NULL),
(227, '3393.00', '3397.00', '4.00', 560, 'lunch, cc', 150, 410, '2020-09-24', NULL),
(228, '3397.00', '3400.00', '3.00', 555, 'cc, lunch', 150, 405, '2020-09-25', NULL),
(229, '3400.00', '3403.00', '3.00', 510, 'cc, lunch', 150, 360, '2020-09-26', NULL),
(230, '3403.00', '3406.00', '3.00', 620, 'cc, lunch', 150, 470, '2020-09-28', NULL),
(231, '3406.00', '3408.00', '2.00', 565, 'cc, lunch', 250, 315, '2020-09-29', NULL),
(232, '3408.00', '3410.00', '2.00', 475, 'cc, lunch', 150, 325, '2020-09-30', NULL),
(233, '3410.00', '3412.00', '2.00', 520, 'cc, lunch', 150, 370, '2020-10-01', NULL),
(234, '3412.00', '3414.00', '2.00', 555, 'cc, lunch', 150, 405, '2020-10-02', NULL),
(235, '3414.00', '3416.00', '2.00', 570, 'cc, lunch', 150, 420, '2020-10-03', NULL),
(236, '3416.00', '3418.00', '2.00', 580, 'cc, lunch', 150, 430, '2020-10-05', NULL),
(237, '3418.00', '3421.00', '3.00', 735, 'cc, lunch', 150, 585, '2020-10-06', NULL),
(238, '3421.00', '3423.00', '2.00', 480, 'cc, lunch', 150, 330, '2020-10-07', NULL),
(239, '3423.00', '3425.00', '2.00', 595, 'cc, lunch', 150, 445, '2020-10-08', NULL),
(240, '3425.00', '3427.00', '2.00', 625, 'cc, lunch', 150, 475, '2020-10-09', NULL),
(241, '3427.00', '3430.00', '3.00', 640, 'cc, lunch', 150, 490, '2020-10-10', NULL),
(242, '3430.00', '3432.00', '2.00', 700, 'cc, lunch', 150, 550, '2020-10-12', NULL),
(243, '3432.00', '3435.00', '3.00', 810, 'cc, lunch', 250, 560, '2020-10-13', NULL),
(244, '3435.00', '3437.00', '2.00', 510, 'cc, lunch', 150, 360, '2020-10-14', NULL),
(245, '3437.00', '3440.00', '3.00', 655, 'cc, lunch', 250, 405, '2020-10-15', NULL),
(246, '3443.00', '3446.00', '3.00', 630, 'cc, lunch', 150, 480, '2020-10-17', NULL),
(247, '3446.00', '3448.00', '2.00', 495, 'cc, lunch', 150, 345, '2020-10-18', NULL),
(248, '3448.00', '3449.00', '1.00', 185, 'lunch', 50, 135, '2020-10-19', NULL),
(249, '3449.00', '3450.00', '1.00', 280, 'lunch', 50, 230, '2020-10-20', NULL),
(250, '3450.00', '3451.00', '1.00', 260, 'cc, lunch', 150, 110, '2020-10-21', NULL),
(251, '3451.00', '3452.00', '1.00', 350, 'lunch', 50, 300, '2020-10-22', NULL),
(252, '3452.00', '3453.00', '1.00', 375, 'cc, lunch', 150, 225, '2020-10-23', NULL),
(253, '3453.00', '3454.00', '1.00', 335, 'lunch', 50, 285, '2020-10-25', NULL);

-- --------------------------------------------------------

--
-- Table structure for table `mcustomer_sales`
--

CREATE TABLE `mcustomer_sales` (
  `mr_id` int(11) NOT NULL,
  `bill_no` varchar(12) NOT NULL,
  `client_id` int(6) NOT NULL,
  `client_name` varchar(255) NOT NULL,
  `i_reading` decimal(19,2) NOT NULL DEFAULT '0.00',
  `f_reading` decimal(19,2) NOT NULL DEFAULT '0.00',
  `units` decimal(19,2) NOT NULL,
  `rate_per_unit` int(6) NOT NULL,
  `Amount` int(6) NOT NULL,
  `Expected_amount` decimal(19,2) NOT NULL,
  `amount_due` decimal(19,2) NOT NULL DEFAULT '0.00',
  `quittance` decimal(19,2) NOT NULL DEFAULT '0.00',
  `start_date` date NOT NULL,
  `end_date` date NOT NULL,
  `days_unit_spent` int(12) NOT NULL,
  `updated_date` date DEFAULT NULL
) ENGINE=MyISAM DEFAULT CHARSET=utf8mb4 COLLATE=utf8mb4_general_ci;

--
-- Dumping data for table `mcustomer_sales`
--

INSERT INTO `mcustomer_sales` (`mr_id`, `bill_no`, `client_id`, `client_name`, `i_reading`, `f_reading`, `units`, `rate_per_unit`, `Amount`, `Expected_amount`, `amount_due`, `quittance`, `start_date`, `end_date`, `days_unit_spent`, `updated_date`) VALUES
(3, 'Bill-08', 5, 'ARNOLD NGARE', '954.00', '961.00', '7.00', 200, 1400, '1400.00', '0.00', '0.00', '2019-12-31', '2020-01-30', 30, NULL),
(4, 'Bill-8476', 5, 'ARNOLD NGARE', '961.00', '969.00', '8.00', 200, 1600, '1600.00', '0.00', '0.00', '2020-01-31', '2020-02-29', 29, NULL),
(5, 'Bill-1584', 5, 'ARNOLD NGARE', '969.00', '975.00', '6.00', 200, 1200, '1200.00', '0.00', '0.00', '2020-02-29', '2020-03-31', 31, NULL),
(6, 'Bill-0984', 5, 'ARNOLD NGARE', '975.00', '982.00', '7.00', 200, 1400, '1400.00', '0.00', '0.00', '2020-03-31', '2020-04-30', 30, NULL),
(7, 'Bill-019', 5, 'ARNOLD NGARE', '982.00', '988.00', '6.00', 200, 1200, '1200.00', '0.00', '0.00', '2020-04-30', '2020-05-31', 31, NULL),
(8, 'Bill-840', 5, 'ARNOLD NGARE', '988.00', '996.00', '8.00', 200, 1600, '1600.00', '0.00', '0.00', '2020-05-31', '2020-06-30', 30, NULL),
(9, 'Bill-787', 7, 'ALEXANDER MATIVO', '2959.00', '3002.00', '43.00', 200, 8600, '8600.00', '0.00', '0.00', '2019-12-31', '2020-01-31', 31, NULL),
(10, 'Bill-012', 7, 'ALEXANDER MATIVO', '3002.00', '3061.00', '59.00', 200, 11800, '11800.00', '0.00', '0.00', '2020-01-31', '2020-02-29', 29, NULL),
(14, 'Bill-2980', 8, 'FAITH SIMON', '2979.00', '3001.00', '22.00', 150, 3300, '3300.00', '0.00', '0.00', '2019-12-31', '2020-01-31', 31, NULL),
(15, 'Bill-5333', 10, 'BARNABAS BARN', '1422.00', '1481.00', '59.00', 150, 8850, '8850.00', '0.00', '0.00', '2019-12-31', '2020-01-31', 31, NULL),
(16, 'Bill-84', 11, 'PURITY MUTUKU', '5695.00', '5703.00', '8.00', 150, 1200, '1200.00', '0.00', '0.00', '2020-01-31', '2020-02-29', 29, NULL),
(17, 'Bill-323', 8, 'FAITH SIMON', '3001.00', '3035.00', '34.00', 150, 5100, '5100.00', '0.00', '0.00', '2020-01-31', '2020-02-29', 29, NULL),
(18, 'Bill-3323', 7, 'ALEXANDER MATIVO', '3061.00', '3111.00', '50.00', 200, 10000, '10000.00', '0.00', '0.00', '2020-02-29', '2020-03-31', 31, NULL),
(19, 'Bill-23632', 8, 'FAITH SIMON', '3035.00', '3055.00', '20.00', 150, 3000, '3000.00', '0.00', '0.00', '2020-02-29', '2020-03-31', 31, NULL),
(20, 'Bill-33026', 7, 'ALEXANDER MATIVO', '3111.00', '3157.00', '46.00', 200, 9200, '9200.00', '0.00', '0.00', '2020-03-31', '2020-04-30', 30, NULL),
(21, 'Bill-433', 8, 'FAITH SIMON', '3055.00', '3070.00', '15.00', 150, 2250, '2250.00', '0.00', '0.00', '2020-03-31', '2020-04-30', 30, NULL),
(22, 'Bill-02225', 10, 'BARNABAS BARN', '1592.00', '1645.00', '53.00', 150, 7950, '7950.00', '0.00', '0.00', '2020-03-31', '2020-04-30', 30, NULL),
(23, 'Bill-33223', 7, 'ALEXANDER MATIVO', '3157.00', '3205.00', '48.00', 200, 9600, '9600.00', '0.00', '0.00', '2020-04-30', '2020-05-31', 31, NULL),
(24, 'Bill-2222', 8, 'FAITH SIMON', '3070.00', '3087.00', '17.00', 150, 2550, '2550.00', '0.00', '0.00', '2020-04-30', '2020-05-31', 31, NULL),
(25, 'Bill-0303', 10, 'BARNABAS BARN', '1645.00', '1687.00', '42.00', 150, 6300, '6300.00', '0.00', '0.00', '2020-04-30', '2020-05-31', 31, NULL),
(26, 'Bill-702', 7, 'ALEXANDER MATIVO', '3205.00', '3250.00', '45.00', 200, 9000, '9000.00', '0.00', '0.00', '2020-05-31', '2020-06-30', 30, NULL),
(27, 'Bill-33222', 11, 'PURITY MUTUKU', '5703.00', '5779.00', '76.00', 130, 9880, '9880.00', '0.00', '0.00', '2020-05-31', '2020-06-30', 30, NULL),
(28, 'Bill-33222', 10, 'BARNABAS BARN', '1687.00', '1733.00', '46.00', 150, 6900, '6900.00', '0.00', '0.00', '2020-05-31', '2020-06-30', 30, NULL),
(29, 'Bill-0327', 11, 'PURITY MUTUKU', '5779.00', '5929.00', '150.00', 130, 19500, '19500.00', '0.00', '0.00', '2020-07-01', '2020-07-31', 30, NULL),
(30, 'Bill-32503', 5, 'ARNOLD NGARE', '988.00', '996.00', '8.00', 200, 1600, '1600.00', '0.00', '0.00', '2020-07-01', '2020-07-31', 30, NULL),
(31, 'Bill-322', 12, 'KYUMBI URBAN', '696.00', '717.00', '21.00', 200, 4200, '4200.00', '0.00', '0.00', '2020-01-01', '2020-01-31', 30, NULL),
(32, 'Bill-62333', 12, 'KYUMBI URBAN', '717.00', '730.00', '13.00', 200, 2600, '2600.00', '0.00', '0.00', '2020-02-01', '2020-02-29', 28, NULL),
(33, 'Bill-220', 12, 'KYUMBI URBAN', '730.00', '733.00', '3.00', 200, 600, '600.00', '0.00', '0.00', '2020-03-01', '2020-03-31', 30, NULL),
(34, 'Bill-2382', 12, 'KYUMBI URBAN', '733.00', '736.00', '3.00', 200, 600, '600.00', '0.00', '0.00', '2020-05-01', '2020-05-31', 30, NULL),
(35, 'Bill-323', 7, 'ALEXANDER MATIVO', '3250.00', '3303.00', '53.00', 200, 10600, '10600.00', '0.00', '0.00', '2020-07-01', '2020-07-31', 30, NULL),
(36, 'Bill-009', 8, 'FAITH SIMON', '3070.00', '3087.00', '17.00', 150, 2550, '2550.00', '0.00', '0.00', '2020-05-01', '2020-05-31', 30, NULL),
(37, 'Bill-392', 8, 'FAITH SIMON', '3087.00', '3120.00', '33.00', 150, 4950, '4950.00', '0.00', '0.00', '2020-06-01', '2020-06-30', 29, NULL),
(38, 'Bill-32', 8, 'FAITH SIMON', '3120.00', '3144.00', '24.00', 150, 3600, '3600.00', '0.00', '0.00', '2020-07-01', '2020-07-31', 30, NULL),
(39, 'Bill-3222', 14, 'ALEXANDER MATIVO', '1537.00', '1577.00', '40.00', 200, 8000, '8000.00', '0.00', '0.00', '2020-06-01', '2020-06-30', 29, NULL),
(40, 'Bill-7303', 14, 'ALEXANDER MATIVO', '1577.00', '1591.00', '14.00', 200, 2800, '2800.00', '0.00', '0.00', '2020-07-01', '2020-07-31', 30, NULL),
(41, 'Bill-023', 15, 'MAKAU MAKAU', '1224.00', '1248.00', '24.00', 125, 3000, '3000.00', '0.00', '0.00', '2020-01-01', '2020-01-31', 30, NULL),
(42, 'Bill-32302', 15, 'MAKAU MAKAU', '1248.00', '1284.00', '36.00', 125, 4500, '4500.00', '0.00', '0.00', '2020-02-01', '2020-02-29', 28, NULL),
(43, 'Bill-07220', 15, 'MAKAU MAKAU', '1284.00', '1327.00', '43.00', 125, 5375, '5375.00', '0.00', '0.00', '2020-03-01', '2020-03-31', 30, NULL),
(44, 'Bill-33703', 15, 'MAKAU MAKAU', '1327.00', '1336.00', '9.00', 125, 1125, '1125.00', '0.00', '0.00', '2020-04-01', '2020-04-30', 29, NULL),
(45, 'Bill-02322', 15, 'MAKAU MAKAU', '1336.00', '1434.00', '98.00', 125, 12250, '12250.00', '0.00', '0.00', '2020-05-01', '2020-05-31', 30, NULL),
(46, 'Bill-05362', 15, 'MAKAU MAKAU', '1434.00', '1536.00', '102.00', 125, 12750, '12750.00', '0.00', '0.00', '2020-06-01', '2020-06-30', 29, NULL),
(47, 'Bill-0789', 15, 'MAKAU MAKAU', '1.00', '36.00', '35.00', 125, 5375, '4375.00', '0.00', '1000.00', '2020-07-01', '2020-07-31', 30, NULL),
(48, 'Bill-020', 16, 'NANCY KAMAU', '1350.00', '1429.00', '79.00', 200, 15800, '15800.00', '0.00', '0.00', '2020-01-01', '2020-01-31', 30, NULL),
(49, 'Bill-2333', 16, 'NANCY KAMAU', '1429.00', '1507.00', '78.00', 200, 15600, '15600.00', '0.00', '0.00', '2020-02-01', '2020-02-29', 28, NULL),
(50, 'Bill-23282', 16, 'NANCY KAMAU', '1507.00', '1607.00', '100.00', 200, 20000, '20000.00', '0.00', '0.00', '2020-03-01', '2020-03-31', 30, NULL),
(51, 'Bill-0493', 16, 'NANCY KAMAU', '10.00', '28.00', '18.00', 200, 16600, '3600.00', '0.00', '13000.00', '2020-04-01', '2020-04-30', 29, NULL),
(52, 'Bill-322', 16, 'NANCY KAMAU', '28.00', '94.00', '66.00', 200, 13200, '13200.00', '0.00', '0.00', '2020-05-01', '2020-05-31', 30, NULL),
(53, 'Bill-223', 16, 'NANCY KAMAU', '94.00', '205.00', '111.00', 200, 22200, '22200.00', '0.00', '0.00', '2020-06-01', '2020-06-30', 29, NULL),
(54, 'Bill-292', 16, 'NANCY KAMAU', '205.00', '285.00', '80.00', 200, 16000, '16000.00', '0.00', '0.00', '2020-07-01', '2020-07-31', 30, NULL),
(55, 'Bill-73222', 10, 'BARNABAS BARN', '1733.00', '1784.00', '51.00', 150, 7650, '7650.00', '0.00', '0.00', '2020-07-01', '2020-07-31', 30, NULL),
(56, 'Bill-23233', 17, 'BENARD MUTUA', '379.00', '393.00', '14.00', 200, 2800, '2800.00', '0.00', '0.00', '2020-06-01', '2020-06-30', 29, NULL),
(57, 'Bill-2232', 17, 'BENARD MUTUA', '393.00', '429.00', '36.00', 200, 7200, '7200.00', '0.00', '0.00', '2020-07-01', '2020-07-31', 30, NULL),
(58, 'Bill-3393', 18, 'RICHARD NYANGESOA', '348.00', '366.00', '18.00', 200, 3600, '3600.00', '0.00', '0.00', '2020-01-01', '2020-01-31', 30, NULL),
(59, 'Bill-77320', 18, 'RICHARD NYANGESOA', '366.00', '385.00', '19.00', 200, 3800, '3800.00', '0.00', '0.00', '2020-02-01', '2020-02-29', 28, NULL),
(60, 'Bill-03333', 18, 'RICHARD NYANGESOA', '385.00', '418.00', '33.00', 200, 6600, '6600.00', '0.00', '0.00', '2020-03-01', '2020-03-31', 30, NULL),
(61, 'Bill-23854', 18, 'RICHARD NYANGESOA', '418.00', '451.00', '33.00', 200, 6600, '6600.00', '0.00', '0.00', '2020-04-01', '2020-04-30', 29, NULL),
(62, 'Bill-62222', 18, 'RICHARD NYANGESOA', '451.00', '476.00', '25.00', 200, 5000, '5000.00', '0.00', '0.00', '2020-05-01', '2020-05-31', 30, NULL),
(63, 'Bill-3232', 18, 'RICHARD NYANGESOA', '476.00', '500.00', '24.00', 200, 4800, '4800.00', '0.00', '0.00', '2020-06-01', '2020-06-30', 29, NULL),
(64, 'Bill-5358', 18, 'RICHARD NYANGESOA', '500.00', '539.00', '39.00', 150, 5850, '5850.00', '0.00', '0.00', '2020-07-01', '2020-07-31', 30, NULL),
(65, 'Bill-5358', 21, 'REUBEN NGOSI', '1.00', '179.00', '178.00', 200, 35800, '35600.00', '0.00', '200.00', '2020-01-01', '2020-01-31', 30, NULL),
(66, 'Bill-633', 21, 'REUBEN NGOSI', '179.00', '302.00', '123.00', 200, 24600, '24600.00', '0.00', '0.00', '2020-02-01', '2020-02-29', 28, NULL),
(67, 'Bill-32330', 21, 'REUBEN NGOSI', '302.00', '419.00', '117.00', 200, 23400, '23400.00', '0.00', '0.00', '2020-03-01', '2020-03-31', 30, NULL),
(68, 'Bill-3332', 21, 'REUBEN NGOSI', '419.00', '726.00', '307.00', 200, 61400, '61400.00', '0.00', '0.00', '2020-04-01', '2020-04-30', 29, NULL),
(69, 'Bill-08893', 21, 'REUBEN NGOSI', '726.00', '891.00', '165.00', 200, 33000, '33000.00', '0.00', '0.00', '2020-05-01', '2020-05-31', 30, NULL),
(70, 'Bill-0508', 21, 'REUBEN NGOSI', '891.00', '991.00', '100.00', 200, 20000, '20000.00', '0.00', '0.00', '2020-06-01', '2020-06-30', 29, NULL),
(71, 'Bill-02223', 21, 'REUBEN NGOSI', '991.00', '1093.00', '102.00', 200, 20400, '20400.00', '0.00', '0.00', '2020-07-01', '2020-07-31', 30, NULL),
(72, 'Bill-34323', 22, 'FRANCIS NZIOKA ', '78.00', '99.00', '21.00', 150, 3150, '3150.00', '0.00', '0.00', '2020-01-01', '2020-01-31', 30, NULL),
(73, 'Bill-2235', 22, 'FRANCIS NZIOKA ', '99.00', '171.00', '72.00', 150, 10800, '10800.00', '0.00', '0.00', '2020-02-01', '2020-02-29', 28, NULL),
(74, 'Bill-32235', 22, 'FRANCIS NZIOKA ', '171.00', '192.00', '21.00', 150, 1650, '3150.00', '1500.00', '0.00', '2020-03-01', '2020-03-31', 30, NULL),
(75, 'Bill-32235', 22, 'FRANCIS NZIOKA ', '0.00', '27.00', '27.00', 150, 4050, '4050.00', '0.00', '0.00', '2020-06-01', '2020-06-30', 29, NULL),
(76, 'Bill-022', 22, 'FRANCIS NZIOKA ', '27.00', '88.00', '61.00', 150, 9150, '9150.00', '0.00', '0.00', '2020-07-01', '2020-07-31', 30, NULL),
(77, 'Bill-3303', 23, 'SCHOLASTICA SCHO', '0.00', '6.00', '6.00', 200, 1200, '1200.00', '0.00', '0.00', '2020-02-01', '2020-02-29', 28, NULL),
(78, 'Bill-4303', 23, 'SCHOLASTICA SCHO', '6.00', '15.00', '9.00', 200, 1800, '1800.00', '0.00', '0.00', '2020-03-01', '2020-03-31', 30, NULL),
(79, 'Bill-32203', 23, 'SCHOLASTICA SCHO', '15.00', '21.00', '6.00', 200, 1200, '1200.00', '0.00', '0.00', '2020-04-01', '2020-04-30', 29, NULL),
(80, 'Bill-306', 23, 'SCHOLASTICA SCHO', '21.00', '30.00', '9.00', 200, 1800, '1800.00', '0.00', '0.00', '2020-05-01', '2020-05-31', 30, NULL),
(81, 'Bill-42230', 23, 'SCHOLASTICA SCHO', '30.00', '40.00', '10.00', 200, 2000, '2000.00', '0.00', '0.00', '2020-06-01', '2020-06-30', 29, NULL),
(82, 'Bill-202', 23, 'SCHOLASTICA SCHO', '40.00', '53.00', '13.00', 200, 2600, '2600.00', '0.00', '0.00', '2020-07-01', '2020-07-31', 30, NULL),
(83, 'Bill-62632', 20, 'SUSAN  MUKINA', '24.00', '25.00', '1.00', 200, 200, '200.00', '0.00', '0.00', '2020-01-01', '2020-01-31', 30, NULL),
(84, 'Bill-0008', 20, 'SUSAN  MUKINA', '25.00', '26.00', '1.00', 200, 200, '200.00', '0.00', '0.00', '2020-02-01', '2020-02-29', 28, NULL),
(85, 'Bill-294', 20, 'SUSAN  MUKINA', '26.00', '27.00', '1.00', 200, 200, '200.00', '0.00', '0.00', '2020-05-01', '2020-05-31', 30, NULL),
(86, 'Bill-630', 19, 'MOSES  MOINDE', '151.00', '152.00', '1.00', 200, 200, '200.00', '0.00', '0.00', '2020-01-01', '2020-01-31', 30, NULL),
(87, 'Bill-3022', 5, 'ARNOLD NGARE', '1003.00', '1014.00', '11.00', 200, 2200, '2200.00', '0.00', '0.00', '2020-08-01', '2020-08-31', 30, NULL),
(88, 'Bill-0022', 7, 'ALEXANDER MATIVO', '3303.00', '3361.00', '58.00', 200, 11600, '11600.00', '0.00', '0.00', '2020-08-01', '2020-08-31', 30, NULL),
(89, 'Bill-302', 8, 'FAITH SIMON', '3144.00', '3174.00', '30.00', 150, 4500, '4500.00', '0.00', '0.00', '2020-08-01', '2020-08-31', 30, NULL),
(90, 'Bill-66223', 11, 'PURITY MUTUKU', '5929.00', '6005.00', '76.00', 130, 9880, '9880.00', '0.00', '0.00', '2020-08-01', '2020-08-31', 30, NULL),
(91, 'Bill-33392', 14, 'ALEXANDER MATIVO', '1591.00', '1626.00', '35.00', 200, 7000, '7000.00', '0.00', '0.00', '2020-08-01', '2020-08-31', 30, NULL),
(92, 'Bill-3263', 15, 'MAKAU MAKAU', '36.00', '93.00', '57.00', 125, 7125, '7125.00', '0.00', '0.00', '2020-08-01', '2020-08-31', 30, NULL),
(93, 'Bill-92453', 16, 'NANCY KAMAU', '285.00', '388.00', '103.00', 200, 20600, '20600.00', '0.00', '0.00', '2020-08-01', '2020-08-31', 30, NULL),
(94, 'Bill-22030', 10, 'BARNABAS BARN', '1784.00', '1902.00', '118.00', 150, 17700, '17700.00', '0.00', '0.00', '2020-08-01', '2020-08-31', 30, NULL),
(95, 'Bill-0050', 17, 'BENARD MUTUA', '429.00', '459.00', '30.00', 150, 4500, '4500.00', '0.00', '0.00', '2020-08-01', '2020-08-31', 30, NULL),
(96, 'Bill-2320', 18, 'RICHARD NYANGESOA', '539.00', '570.00', '31.00', 150, 4650, '4650.00', '0.00', '0.00', '2020-08-01', '2020-08-31', 30, NULL),
(97, 'Bill-5784', 21, 'REUBEN NGOSI', '1093.00', '1229.00', '136.00', 200, 27200, '27200.00', '0.00', '0.00', '2020-08-01', '2020-08-31', 30, NULL),
(98, 'Bill-43', 22, 'FRANCIS NZIOKA ', '88.00', '258.00', '170.00', 150, 25500, '25500.00', '0.00', '0.00', '2020-08-01', '2020-08-31', 30, NULL),
(99, 'Bill-36050', 23, 'SCHOLASTICA SCHO', '53.00', '68.00', '15.00', 200, 3000, '3000.00', '0.00', '0.00', '2020-08-01', '2020-08-31', 30, NULL),
(100, 'Bill-844', 24, 'MUSEMBI WAMBUA', '0.00', '21.00', '21.00', 200, 4200, '4200.00', '0.00', '0.00', '2020-08-01', '2020-08-31', 30, NULL),
(101, 'Bill-320', 26, 'MESHACK MUIA', '37.00', '44.00', '7.00', 200, 1400, '1400.00', '0.00', '0.00', '2020-08-01', '2020-08-31', 30, NULL),
(102, 'Bill-29243', 5, 'ARNOLD NGARE', '1014.00', '1024.00', '10.00', 200, 2000, '2000.00', '0.00', '0.00', '2020-09-01', '2020-09-30', 29, NULL),
(103, 'Bill-23228', 7, 'ALEXANDER MATIVO', '3361.00', '3415.00', '54.00', 200, 10800, '10800.00', '0.00', '0.00', '2020-09-01', '2020-09-30', 29, NULL),
(104, 'Bill-33270', 8, 'FAITH SIMON', '3174.00', '3202.00', '28.00', 150, 4200, '4200.00', '0.00', '0.00', '2020-09-01', '2020-09-30', 29, NULL),
(105, 'Bill-3320', 11, 'PURITY MUTUKU', '6005.00', '6179.00', '174.00', 130, 22620, '22620.00', '0.00', '0.00', '2020-09-01', '2020-09-30', 29, NULL),
(106, 'Bill-22322', 24, 'MUSEMBI WAMBUA', '21.00', '97.00', '76.00', 200, 15200, '15200.00', '0.00', '0.00', '2020-09-01', '2020-09-30', 29, NULL),
(107, 'Bill-732', 14, 'ALEXANDER MATIVO', '1626.00', '1657.00', '31.00', 200, 6200, '6200.00', '0.00', '0.00', '2020-09-01', '2020-09-30', 29, NULL),
(108, 'Bill-90330', 26, 'MESHACK MUIA', '44.00', '46.00', '2.00', 200, 400, '400.00', '0.00', '0.00', '2020-09-01', '2020-09-30', 29, NULL),
(109, 'Bill-95066', 15, 'MAKAU MAKAU', '93.00', '124.00', '31.00', 125, 3875, '3875.00', '0.00', '0.00', '2020-09-01', '2020-09-30', 29, NULL),
(110, 'Bill-44433', 16, 'NANCY KAMAU', '388.00', '490.00', '102.00', 200, 20400, '20400.00', '0.00', '0.00', '2020-09-01', '2020-09-30', 29, NULL),
(111, 'Bill-25202', 10, 'BARNABAS BARN', '1902.00', '2004.00', '102.00', 150, 15300, '15300.00', '0.00', '0.00', '2020-09-01', '2020-09-30', 29, NULL),
(112, 'Bill-03832', 17, 'BENARD MUTUA', '459.00', '482.00', '23.00', 150, 3450, '3450.00', '0.00', '0.00', '2020-09-01', '2020-09-30', 29, NULL),
(113, 'Bill-7032', 18, 'RICHARD NYANGESOA', '570.00', '604.00', '34.00', 150, 5100, '5100.00', '0.00', '0.00', '2020-09-01', '2020-09-30', 29, NULL),
(114, 'Bill-2035', 20, 'SUSAN  MUKINA', '27.00', '29.00', '2.00', 200, 400, '400.00', '0.00', '0.00', '2020-09-01', '2020-09-30', 29, NULL),
(115, 'Bill-20322', 21, 'REUBEN NGOSI', '1229.00', '1415.00', '186.00', 200, 37200, '37200.00', '0.00', '0.00', '2020-09-01', '2020-09-30', 29, NULL),
(116, 'Bill-82290', 22, 'FRANCIS NZIOKA ', '258.00', '301.00', '43.00', 150, 6450, '6450.00', '0.00', '0.00', '2020-09-01', '2020-09-30', 29, NULL),
(117, 'Bill-962', 23, 'SCHOLASTICA SCHO', '68.00', '87.00', '19.00', 200, 3800, '3800.00', '0.00', '0.00', '2020-09-01', '2020-09-30', 29, NULL),
(118, 'Bill-6000', 5, 'ARNOLD NGARE', '1024.00', '1035.00', '11.00', 200, 2200, '2200.00', '0.00', '0.00', '2020-10-01', '2020-10-31', 30, NULL),
(119, 'Bill-23263', 12, 'KYUMBI URBAN', '736.00', '738.00', '2.00', 200, 400, '400.00', '0.00', '0.00', '2020-10-01', '2020-10-31', 30, NULL),
(120, 'Bill-36323', 7, 'ALEXANDER MATIVO', '3415.00', '3458.00', '43.00', 200, 8600, '8600.00', '0.00', '0.00', '2020-10-01', '2020-10-31', 30, NULL),
(121, 'Bill-32732', 8, 'FAITH SIMON', '3202.00', '3231.00', '29.00', 150, 4350, '4350.00', '0.00', '0.00', '2020-10-01', '2020-10-31', 30, NULL),
(122, 'Bill-3633', 11, 'PURITY MUTUKU', '6179.00', '6258.00', '79.00', 130, 10270, '10270.00', '0.00', '0.00', '2020-10-01', '2020-10-31', 30, NULL),
(123, 'Bill-03333', 24, 'MUSEMBI WAMBUA', '97.00', '175.00', '78.00', 150, 11700, '11700.00', '0.00', '0.00', '2020-10-01', '2020-10-31', 30, NULL),
(124, 'Bill-6207', 14, 'ALEXANDER MATIVO', '1657.00', '1664.00', '7.00', 200, 1400, '1400.00', '0.00', '0.00', '2020-10-01', '2020-10-31', 30, NULL),
(125, 'Bill-3', 26, 'MESHACK MUIA', '46.00', '47.00', '1.00', 200, 200, '200.00', '0.00', '0.00', '2020-10-01', '2020-10-31', 30, NULL),
(126, 'Bill-22033', 15, 'MAKAU MAKAU', '124.00', '144.00', '20.00', 125, 2500, '2500.00', '0.00', '0.00', '2020-10-01', '2020-10-31', 30, NULL),
(127, 'Bill-4723', 16, 'NANCY KAMAU', '490.00', '585.00', '95.00', 200, 19000, '19000.00', '0.00', '0.00', '2020-10-01', '2020-10-31', 30, NULL),
(128, 'Bill-0032', 10, 'BARNABAS BARN', '2004.00', '2052.00', '48.00', 150, 7200, '7200.00', '0.00', '0.00', '2020-10-01', '2020-10-31', 30, NULL),
(129, 'Bill-22322', 17, 'BENARD MUTUA', '482.00', '519.00', '37.00', 150, 5550, '5550.00', '0.00', '0.00', '2020-10-01', '2020-10-31', 30, NULL),
(130, 'Bill-294', 18, 'RICHARD NYANGESOA', '604.00', '655.00', '51.00', 150, 7650, '7650.00', '0.00', '0.00', '2020-10-01', '2020-10-31', 30, NULL),
(131, 'Bill-32430', 20, 'SUSAN  MUKINA', '29.00', '33.00', '4.00', 200, 800, '800.00', '0.00', '0.00', '2020-10-01', '2020-10-31', 30, NULL),
(132, 'Bill-3783', 21, 'REUBEN NGOSI', '1415.00', '1558.00', '143.00', 200, 28600, '28600.00', '0.00', '0.00', '2020-10-01', '2020-10-31', 30, NULL),
(133, 'Bill-30292', 22, 'FRANCIS NZIOKA ', '301.00', '333.00', '32.00', 150, 4800, '4800.00', '0.00', '0.00', '2020-10-01', '2020-10-31', 30, NULL),
(134, 'Bill-34035', 23, 'SCHOLASTICA SCHO', '87.00', '98.00', '11.00', 200, 2200, '2200.00', '0.00', '0.00', '2020-10-01', '2020-10-31', 30, NULL),
(135, 'Bill-4232', 5, 'ARNOLD NGARE', '1035.00', '1044.00', '9.00', 200, 1800, '1800.00', '0.00', '0.00', '2020-11-01', '2020-11-30', 29, NULL),
(136, 'Bill-33233', 12, 'KYUMBI URBAN', '738.00', '746.00', '8.00', 200, 1600, '1600.00', '0.00', '0.00', '2020-11-01', '2020-11-30', 29, NULL),
(137, 'Bill-0023', 7, 'ALEXANDER MATIVO', '3458.00', '3505.00', '47.00', 200, 9400, '9400.00', '0.00', '0.00', '2020-11-01', '2020-11-30', 29, NULL),
(138, 'Bill-07209', 8, 'FAITH SIMON', '3231.00', '3250.00', '19.00', 150, 2850, '2850.00', '0.00', '0.00', '2020-11-01', '2020-11-30', 29, NULL),
(139, 'Bill-222', 11, 'PURITY MUTUKU', '6258.00', '6269.00', '11.00', 130, 1430, '1430.00', '0.00', '0.00', '2020-11-01', '2020-11-30', 29, NULL),
(140, 'Bill-028', 11, 'PURITY MUTUKU', '6258.00', '6269.00', '11.00', 130, 1430, '1430.00', '0.00', '0.00', '2020-11-01', '2020-11-30', 29, NULL),
(141, 'Bill-38022', 24, 'MUSEMBI WAMBUA', '175.00', '248.00', '73.00', 150, 10950, '10950.00', '0.00', '0.00', '2020-11-01', '2020-11-30', 29, NULL),
(142, 'Bill-203', 14, 'ALEXANDER MATIVO', '1664.00', '1683.00', '19.00', 200, 3800, '3800.00', '0.00', '0.00', '2020-11-01', '2020-11-30', 29, NULL),
(143, 'Bill-43', 26, 'MESHACK MUIA', '47.00', '52.00', '5.00', 200, 1000, '1000.00', '0.00', '0.00', '2020-11-01', '2020-11-30', 29, NULL),
(144, 'Bill-08003', 15, 'MAKAU MAKAU', '144.00', '175.00', '31.00', 125, 3875, '3875.00', '0.00', '0.00', '2020-11-01', '2020-11-30', 29, NULL),
(145, 'Bill-303', 16, 'NANCY KAMAU', '585.00', '683.00', '98.00', 200, 19600, '19600.00', '0.00', '0.00', '2020-11-01', '2020-11-30', 29, NULL),
(146, 'Bill-2303', 10, 'BARNABAS BARN', '2052.00', '2115.00', '63.00', 150, 9450, '9450.00', '0.00', '0.00', '2020-11-01', '2020-11-30', 29, NULL),
(147, 'Bill-2533', 17, 'BENARD MUTUA', '519.00', '541.00', '22.00', 150, 3300, '3300.00', '0.00', '0.00', '2020-11-01', '2020-11-30', 29, NULL),
(148, 'Bill-603', 18, 'RICHARD NYANGESOA', '655.00', '695.00', '40.00', 150, 6000, '6000.00', '0.00', '0.00', '2020-11-01', '2020-11-30', 29, NULL),
(149, 'Bill-3332', 21, 'REUBEN NGOSI', '1558.00', '1700.00', '142.00', 200, 28400, '28400.00', '0.00', '0.00', '2020-11-01', '2020-11-30', 29, NULL),
(150, 'Bill-32333', 22, 'FRANCIS NZIOKA ', '333.00', '406.00', '73.00', 150, 10950, '10950.00', '0.00', '0.00', '2020-11-01', '2020-11-30', 29, NULL),
(151, 'Bill-83332', 23, 'SCHOLASTICA SCHO', '98.00', '114.00', '16.00', 200, 3200, '3200.00', '0.00', '0.00', '2020-11-01', '2020-11-30', 29, NULL),
(152, 'Bill-0766', 5, 'ARNOLD NGARE', '1044.00', '1066.00', '22.00', 200, 4400, '4400.00', '0.00', '0.00', '2020-12-01', '2020-12-31', 30, NULL),
(153, 'Bill-90320', 12, 'KYUMBI URBAN', '746.00', '751.00', '5.00', 200, 1000, '1000.00', '0.00', '0.00', '2020-12-01', '2020-12-31', 30, NULL),
(154, 'Bill-200', 7, 'ALEXANDER MATIVO', '3505.00', '3559.00', '54.00', 200, 10800, '10800.00', '0.00', '0.00', '2020-12-01', '2020-12-31', 30, NULL),
(155, 'Bill-2303', 8, 'FAITH SIMON', '3250.00', '3282.00', '32.00', 150, 4800, '4800.00', '0.00', '0.00', '2020-12-01', '2020-12-31', 30, NULL),
(156, 'Bill-035', 11, 'PURITY MUTUKU', '6269.00', '6291.00', '22.00', 130, 2860, '2860.00', '0.00', '0.00', '2020-12-01', '2020-12-31', 30, NULL),
(157, 'Bill-70732', 24, 'MUSEMBI WAMBUA', '248.00', '317.00', '69.00', 150, 10350, '10350.00', '0.00', '0.00', '2020-12-01', '2020-12-31', 30, NULL),
(158, 'Bill-22220', 14, 'ALEXANDER MATIVO', '1683.00', '1709.00', '26.00', 200, 5200, '5200.00', '0.00', '0.00', '2020-12-01', '2020-12-31', 30, NULL),
(159, 'Bill-02308', 26, 'MESHACK MUIA', '52.00', '58.00', '6.00', 200, 1200, '1200.00', '0.00', '0.00', '2020-12-01', '2020-12-31', 30, NULL),
(160, 'Bill-92222', 15, 'MAKAU MAKAU', '175.00', '205.00', '30.00', 125, 3750, '3750.00', '0.00', '0.00', '2020-12-01', '2020-12-31', 30, NULL),
(161, 'Bill-3722', 16, 'NANCY KAMAU', '683.00', '787.00', '104.00', 200, 20800, '20800.00', '0.00', '0.00', '2020-12-01', '2020-12-31', 30, NULL),
(162, 'Bill-52028', 10, 'BARNABAS BARN', '2115.00', '2183.00', '68.00', 150, 10200, '10200.00', '0.00', '0.00', '2020-12-01', '2020-12-31', 30, NULL),
(163, 'Bill-0495', 17, 'BENARD MUTUA', '541.00', '584.00', '43.00', 150, 6450, '6450.00', '0.00', '0.00', '2020-12-01', '2020-12-31', 30, NULL),
(164, 'Bill-33830', 18, 'RICHARD NYANGESOA', '695.00', '734.00', '39.00', 150, 5850, '5850.00', '0.00', '0.00', '2020-12-01', '2020-12-31', 30, NULL),
(165, 'Bill-242', 21, 'REUBEN NGOSI', '1700.00', '1844.00', '144.00', 200, 28800, '28800.00', '0.00', '0.00', '2020-12-01', '2020-12-31', 30, NULL),
(166, 'Bill-07337', 22, 'FRANCIS NZIOKA ', '406.00', '612.00', '206.00', 150, 30900, '30900.00', '0.00', '0.00', '2020-12-01', '2020-12-31', 30, NULL),
(167, 'Bill-70333', 23, 'SCHOLASTICA SCHO', '114.00', '125.00', '11.00', 200, 2200, '2200.00', '0.00', '0.00', '2020-12-01', '2020-12-31', 30, NULL),
(168, 'Bill-09322', 28, 'A.B.C  Church ', '172.00', '173.00', '1.00', 200, 200, '200.00', '0.00', '0.00', '2020-12-01', '2020-12-31', 30, NULL),
(169, 'Bill-23234', 27, 'Kyengo Kiilu', '0.00', '87.00', '87.00', 200, 17400, '17400.00', '0.00', '0.00', '2020-12-01', '2020-12-31', 30, NULL),
(170, '', 29, 'kyengo Kiilu', '0.00', '87.00', '87.00', 150, 13050, '13050.00', '0.00', '0.00', '2020-12-01', '2020-12-31', 30, NULL),
(171, 'Bill-023', 5, 'ARNOLD NGARE', '1066.00', '1079.00', '13.00', 200, 2600, '2600.00', '0.00', '0.00', '2021-01-01', '2021-01-31', 30, NULL),
(172, 'Bill-20453', 28, 'A.B.C  Church ', '173.00', '178.00', '5.00', 200, 1000, '1000.00', '0.00', '0.00', '2021-01-01', '2021-01-31', 30, NULL),
(173, 'Bill-83234', 12, 'KYUMBI URBAN', '751.00', '772.00', '21.00', 200, 4200, '4200.00', '0.00', '0.00', '2021-01-01', '2021-01-31', 30, NULL),
(174, 'Bill-3832', 7, 'ALEXANDER MATIVO', '3559.00', '3605.00', '46.00', 200, 9200, '9200.00', '0.00', '0.00', '2021-01-01', '2021-01-31', 30, NULL),
(175, 'Bill-0020', 11, 'PURITY MUTUKU', '6291.00', '6320.00', '29.00', 150, 4350, '4350.00', '0.00', '0.00', '2021-01-01', '2021-01-31', 30, NULL),
(176, 'Bill-337', 24, 'MUSEMBI WAMBUA', '317.00', '396.00', '79.00', 150, 11850, '11850.00', '0.00', '0.00', '2021-01-01', '2021-01-31', 30, NULL),
(177, 'Bill-52304', 14, 'ALEXANDER MATIVO', '1709.00', '1735.00', '26.00', 200, 5200, '5200.00', '0.00', '0.00', '2021-01-01', '2021-01-31', 30, NULL),
(178, 'Bill-0032', 29, 'kyengo Kiilu', '87.00', '213.00', '126.00', 150, 18900, '18900.00', '0.00', '0.00', '2021-01-01', '2021-01-31', 30, NULL),
(179, 'Bill-03', 26, 'MESHACK MUIA', '58.00', '68.00', '10.00', 200, 2000, '2000.00', '0.00', '0.00', '2021-01-01', '2021-01-31', 30, NULL),
(180, 'Bill-27332', 15, 'MAKAU MAKAU', '205.00', '242.00', '37.00', 125, 4625, '4625.00', '0.00', '0.00', '2021-01-01', '2021-01-31', 30, NULL),
(181, 'Bill-2252', 16, 'NANCY KAMAU', '787.00', '864.00', '77.00', 150, 11550, '11550.00', '0.00', '0.00', '2021-01-01', '2021-01-31', 30, NULL),
(182, 'Bill-22332', 10, 'BARNABAS BARN', '2183.00', '2214.00', '31.00', 150, 4650, '4650.00', '0.00', '0.00', '2021-01-01', '2021-01-31', 30, NULL),
(183, 'Bill-0203', 17, 'BENARD MUTUA', '584.00', '611.00', '27.00', 150, 4050, '4050.00', '0.00', '0.00', '2021-01-01', '2021-01-31', 30, NULL),
(184, 'Bill-2722', 21, 'REUBEN NGOSI', '1844.00', '1986.00', '142.00', 200, 28400, '28400.00', '0.00', '0.00', '2021-01-01', '2021-01-31', 30, NULL),
(185, 'Bill-223', 22, 'FRANCIS NZIOKA ', '612.00', '628.00', '16.00', 150, 2400, '2400.00', '0.00', '0.00', '2021-01-01', '2021-01-31', 30, NULL),
(186, 'Bill-332', 23, 'SCHOLASTICA SCHO', '125.00', '142.00', '17.00', 200, 3400, '3400.00', '0.00', '0.00', '2021-01-01', '2021-01-31', 30, NULL),
(187, 'Bill-3223', 30, 'ST STEPHENS SECONDARY', '0.00', '38.00', '38.00', 200, 7600, '7600.00', '0.00', '0.00', '2021-01-01', '2021-01-31', 30, NULL),
(188, 'Bill-428', 18, 'RICHARD NYANGESOA', '734.00', '754.00', '20.00', 150, 3000, '3000.00', '0.00', '0.00', '2021-01-01', '2021-01-31', 30, NULL),
(190, 'Bill-32', 8, 'FAITH SIMON', '3282.00', '3309.00', '27.00', 150, 4050, '4050.00', '0.00', '0.00', '2021-01-01', '2021-01-31', 30, NULL);

-- --------------------------------------------------------

--
-- Table structure for table `monthly_clients`
--

CREATE TABLE `monthly_clients` (
  `mc_id` int(6) NOT NULL,
  `fname` varchar(20) NOT NULL,
  `lname` varchar(20) NOT NULL,
  `biz_name` varchar(50) NOT NULL,
  `rate_unit` int(6) NOT NULL,
  `email` varchar(100) NOT NULL,
  `tel_phone` varchar(12) NOT NULL,
  `date_registered` date NOT NULL
) ENGINE=MyISAM DEFAULT CHARSET=utf8mb4 COLLATE=utf8mb4_general_ci;

--
-- Dumping data for table `monthly_clients`
--

INSERT INTO `monthly_clients` (`mc_id`, `fname`, `lname`, `biz_name`, `rate_unit`, `email`, `tel_phone`, `date_registered`) VALUES
(5, 'ARNOLD', 'NGARE', 'NGARE', 200, 'njaimwearnold@yahoo.com', '254703497449', '2020-07-17'),
(7, 'ALEXANDER', 'MATIVO', 'MASHA', 200, 'alexkmativo66@gmail.com', '254722353964', '2020-07-17'),
(8, 'FAITH', 'SIMON', 'COOL  BREEZE', 150, '', '254702403232', '2020-07-17'),
(11, 'PURITY', 'MUTUKU', 'PURITY', 130, 'apmutuku@gmail.com', '254722832962', '2020-07-17'),
(10, 'BARNABAS', 'BARN', 'CARWASH', 150, 'bnzioka2005@yahoo.com', '254722335640', '2020-07-17'),
(12, 'KYUMBI', 'URBAN', 'KYUMBI URBAN ACADEMY', 200, '', '254711212666', '2020-08-01'),
(14, 'ALEXANDER', 'MATIVO', 'MASHA A.I.C', 200, 'alexkmativo66@gmail.com', '254622353964', '2020-08-01'),
(15, 'MAKAU', 'MAKAU', 'MAKAU APARTMENTS', 125, 'felixmakau4@gmail.com', '254722802573', '2020-08-01'),
(16, 'NANCY', 'KAMAU', 'KABBYS APARTMENT', 200, '', '254724620200', '2020-08-01'),
(17, 'BENARD', 'MUTUA', 'BENARD', 200, 'bkituku8@gmail.com', '254728999696', '2020-08-01'),
(18, 'RICHARD', 'NYANGESOA', 'RICHARD', 200, '', '254721365584', '2020-08-01'),
(20, 'SUSAN ', 'MUKINA', 'BAPTIST CHURCH', 200, '', '254712212666', '2020-08-01'),
(21, 'REUBEN', 'NGOSI', 'REUBEN', 200, 'rkngosi@gmail.com', '254720780224', '2020-08-01'),
(22, 'FRANCIS', 'NZIOKA ', 'FRANCIS', 150, 'franciswathome@yahoo.com', '254722627000', '2020-08-01'),
(23, 'SCHOLASTICA', 'SCHO', 'SCHOLASTICA', 200, '', '254738117750', '2020-08-01'),
(24, 'MUSEMBI', 'WAMBUA', 'MUSEMBI APARTMENTS', 200, '', '254722936953', '2020-09-05'),
(26, 'MESHACK', 'MUIA', 'MUIA', 200, '', '254722350327', '2020-09-05'),
(29, 'kyengo', 'Kiilu', 'Mukuyuni plaza', 150, '', '254722810587', '2021-01-09'),
(28, 'A.B.C ', 'Church ', 'A.B.C CHURCH', 200, '', '254727442532', '2021-01-05'),
(30, 'ST STEPHENS', 'SECONDARY', 'ST STEPHENS SECONDARY SCHOOL', 200, '', '254722265451', '2021-01-31');

-- --------------------------------------------------------

--
-- Table structure for table `sessions`
--

CREATE TABLE `sessions` (
  `session_id` int(6) NOT NULL,
  `admin_id` int(6) NOT NULL,
  `session_token` varchar(500) NOT NULL,
  `created_at` date NOT NULL
) ENGINE=InnoDB DEFAULT CHARSET=utf8mb4 COLLATE=utf8mb4_general_ci;

--
-- Indexes for dumped tables
--

--
-- Indexes for table `admin_user`
--
ALTER TABLE `admin_user`
  ADD PRIMARY KEY (`a_id`);

--
-- Indexes for table `daily_sales`
--
ALTER TABLE `daily_sales`
  ADD PRIMARY KEY (`dr_id`);

--
-- Indexes for table `mcustomer_sales`
--
ALTER TABLE `mcustomer_sales`
  ADD PRIMARY KEY (`mr_id`);

--
-- Indexes for table `monthly_clients`
--
ALTER TABLE `monthly_clients`
  ADD PRIMARY KEY (`mc_id`);

--
-- Indexes for table `sessions`
--
ALTER TABLE `sessions`
  ADD PRIMARY KEY (`session_id`);

--
-- AUTO_INCREMENT for dumped tables
--

--
-- AUTO_INCREMENT for table `admin_user`
--
ALTER TABLE `admin_user`
  MODIFY `a_id` int(11) NOT NULL AUTO_INCREMENT, AUTO_INCREMENT=5;

--
-- AUTO_INCREMENT for table `daily_sales`
--
ALTER TABLE `daily_sales`
  MODIFY `dr_id` int(6) NOT NULL AUTO_INCREMENT, AUTO_INCREMENT=254;

--
-- AUTO_INCREMENT for table `mcustomer_sales`
--
ALTER TABLE `mcustomer_sales`
  MODIFY `mr_id` int(11) NOT NULL AUTO_INCREMENT, AUTO_INCREMENT=191;

--
-- AUTO_INCREMENT for table `monthly_clients`
--
ALTER TABLE `monthly_clients`
  MODIFY `mc_id` int(6) NOT NULL AUTO_INCREMENT, AUTO_INCREMENT=32;

--
-- AUTO_INCREMENT for table `sessions`
--
ALTER TABLE `sessions`
  MODIFY `session_id` int(6) NOT NULL AUTO_INCREMENT, AUTO_INCREMENT=23;
COMMIT;

/*!40101 SET CHARACTER_SET_CLIENT=@OLD_CHARACTER_SET_CLIENT */;
/*!40101 SET CHARACTER_SET_RESULTS=@OLD_CHARACTER_SET_RESULTS */;
/*!40101 SET COLLATION_CONNECTION=@OLD_COLLATION_CONNECTION */;
