-- phpMyAdmin SQL Dump
-- version 4.9.0.1
-- https://www.phpmyadmin.net/
--
-- Host: sql304.byethost.com
-- Generation Time: Jul 19, 2020 at 01:42 PM
-- Server version: 5.6.48-88.0
-- PHP Version: 7.2.22

SET SQL_MODE = "NO_AUTO_VALUE_ON_ZERO";
SET AUTOCOMMIT = 0;
START TRANSACTION;
SET time_zone = "+00:00";


/*!40101 SET @OLD_CHARACTER_SET_CLIENT=@@CHARACTER_SET_CLIENT */;
/*!40101 SET @OLD_CHARACTER_SET_RESULTS=@@CHARACTER_SET_RESULTS */;
/*!40101 SET @OLD_COLLATION_CONNECTION=@@COLLATION_CONNECTION */;
/*!40101 SET NAMES utf8mb4 */;

--
-- Database: `b15_25674504_borehole`
--

-- --------------------------------------------------------

--
-- Table structure for table `admin_user`
--

CREATE TABLE `admin_user` (
  `a_id` int(11) NOT NULL,
  `username` varchar(255) NOT NULL,
  `email` varchar(255) NOT NULL,
  `password` varchar(255) NOT NULL
) ENGINE=MyISAM DEFAULT CHARSET=utf8mb4;

--
-- Dumping data for table `admin_user`
--

INSERT INTO `admin_user` (`a_id`, `username`, `email`, `password`) VALUES
(1, 'Lameck Omwamba', 'lameckomwamba@gmail.com', '$2y$10$QyMff3NObMe/RMwhALv3uOqczIyIe03LdAfwWV9Z3ENP8UigCG3wK'),
(2, 'Lameck omwamba', 'omwambalameck@outlook.com', '$2y$10$iSzRBtEbI690ce0EmvAyUO8/4JB0eWxu.g27Xgl4qKn8gzil.rK7i'),
(3, 'developer', 'dev@gmail.com', '$2y$10$HGD2gH7W2JvduzhaiJxcWeCiZ8dsG8StuL0ZUSjyAoiEj.wNLZyMy');

-- --------------------------------------------------------

--
-- Table structure for table `daily_sales`
--

CREATE TABLE `daily_sales` (
  `dr_id` int(6) NOT NULL,
  `i_reading` decimal(19,2) NOT NULL,
  `f_reading` decimal(19,2) NOT NULL,
  `units` decimal(19,2) NOT NULL,
  `Amount` int(6) NOT NULL,
  `Expenditures` varchar(255) CHARACTER SET utf8mb4 COLLATE utf8mb4_bin NOT NULL,
  `Amount_Exp` int(6) NOT NULL,
  `Final_Amount` int(6) NOT NULL,
  `recorded_date` date NOT NULL,
  `updated_date` date DEFAULT NULL
) ENGINE=MyISAM DEFAULT CHARSET=utf8mb4;

--
-- Dumping data for table `daily_sales`
--

INSERT INTO `daily_sales` (`dr_id`, `i_reading`, `f_reading`, `units`, `Amount`, `Expenditures`, `Amount_Exp`, `Final_Amount`, `recorded_date`, `updated_date`) VALUES
(2, '2624.00', '2630.00', '6.00', 460, 'lunch, cc', 150, 310, '2020-01-02', NULL),
(3, '2630.00', '2634.00', '4.00', 600, 'LUNCH, CC', 150, 450, '2020-01-03', NULL),
(4, '2634.00', '2635.00', '1.00', 835, 'CC, LUNCH, MILK', 350, 485, '2020-01-04', NULL),
(5, '2635.00', '2641.00', '6.00', 610, 'Lunch, Cleaning', 150, 460, '2020-01-05', NULL),
(6, '2641.00', '2643.00', '2.00', 165, 'lunch', 50, 115, '2020-01-06', NULL),
(7, '2643.00', '2644.00', '1.00', 105, 'lunch', 50, 55, '2020-01-07', NULL),
(8, '2644.00', '2646.00', '2.00', 185, 'lunch', 50, 135, '2020-01-09', NULL),
(9, '2646.00', '2648.00', '2.00', 305, 'tea, Lunch', 150, 155, '2020-01-10', NULL),
(10, '2648.00', '2653.00', '5.00', 710, 'lunch,compoundcleaning,milk', 350, 360, '2020-01-11', '2020-07-04'),
(11, '2653.00', '2655.00', '2.00', 185, 'lunch,milk', 100, 85, '2020-01-13', '2020-07-04'),
(12, '2655.00', '2657.00', '2.00', 460, 'tea, lunch', 150, 310, '2020-01-14', NULL),
(13, '2657.00', '2659.00', '2.00', 230, 'lunch,milk', 150, 80, '2020-01-15', '2020-07-04'),
(14, '2659.00', '2662.00', '3.00', 390, 'lunch', 50, 340, '2020-01-16', NULL),
(15, '2662.00', '2666.00', '4.00', 300, 'Lunch', 50, 250, '2020-01-17', NULL),
(16, '2666.00', '2672.00', '6.00', 960, 'lunch', 50, 910, '2020-01-18', NULL),
(17, '2672.00', '2679.00', '7.00', 635, 'lunch, charcoal,milk', 250, 385, '2020-01-20', '2020-07-04'),
(18, '2679.00', '2682.00', '3.00', 640, 'lunch', 50, 590, '2020-01-21', NULL),
(19, '2682.00', '2684.00', '2.00', 430, 'lunch', 50, 380, '2020-01-22', NULL),
(20, '2684.00', '2687.00', '3.00', 305, 'lunch', 50, 255, '2020-01-23', NULL),
(21, '2687.00', '2692.00', '5.00', 405, 'tea, lunch', 150, 255, '2020-01-24', NULL),
(22, '2692.00', '2697.00', '5.00', 640, 'lunch, tea', 250, 390, '2020-01-25', NULL),
(23, '2697.00', '2698.00', '1.00', 155, 'lunch', 50, 105, '2020-01-27', NULL),
(24, '2698.00', '2700.00', '2.00', 125, 'lunch', 50, 75, '2020-01-28', NULL),
(25, '2700.00', '2703.00', '3.00', 200, 'lunch', 50, 150, '2020-01-29', NULL),
(26, '2703.00', '2706.00', '3.00', 305, 'lunch, tea', 100, 205, '2020-01-30', NULL),
(27, '2706.00', '2709.00', '3.00', 315, 'compundcleaning, lunch', 150, 65, '2020-01-31', '2020-07-03'),
(28, '2709.00', '2711.00', '2.00', 345, 'milk,lunch', 150, 195, '2020-02-01', NULL),
(29, '2709.00', '2714.00', '5.00', 270, 'milk,lunch', 150, 120, '2020-02-03', NULL),
(30, '2714.00', '2717.00', '3.00', 420, 'milk, lunch', 150, 270, '2020-02-04', NULL),
(31, '2717.00', '2720.00', '3.00', 320, 'milk, lunch', 150, 170, '2020-02-05', NULL),
(32, '2720.00', '2724.00', '4.00', 485, 'milk, lunch', 150, 335, '2020-02-06', NULL),
(33, '2724.00', '2727.00', '3.00', 515, 'cleaning, milk, lunch', 250, 265, '2020-02-07', NULL),
(34, '2727.00', '2738.00', '11.00', 620, 'lunch,gasfilling, milk', 350, 270, '2020-02-08', NULL),
(35, '2734.00', '2738.00', '4.00', 740, 'milk, lunch', 150, 590, '2020-02-11', NULL),
(36, '2742.00', '2748.00', '6.00', 650, 'milk, lunch', 150, 500, '2020-02-12', NULL),
(37, '2734.00', '2738.00', '4.00', 620, 'gasfilling, milk,lunch', 350, 270, '2020-02-10', NULL),
(38, '2748.00', '2753.00', '5.00', 675, 'lunch', 50, 625, '2020-02-13', NULL),
(39, '2753.00', '2758.00', '5.00', 665, 'milk, lunch', 150, 515, '2020-02-14', NULL),
(40, '2758.00', '2766.00', '8.00', 1050, 'cleaning, milk', 400, 650, '2020-02-15', NULL),
(41, '2766.00', '2772.00', '6.00', 975, 'lunch, milk', 150, 825, '2020-02-17', NULL),
(42, '2772.00', '2778.00', '6.00', 825, 'lunch, milk', 150, 675, '2020-02-18', NULL),
(43, '2778.00', '2783.00', '5.00', 765, 'milk, lunch', 150, 615, '2020-02-19', NULL),
(44, '2783.00', '2787.00', '4.00', 675, 'milk, lunch', 150, 525, '2020-02-20', NULL),
(45, '2783.00', '2784.00', '1.00', 980, 'cleaning, milk, lunch', 250, 730, '2020-02-21', NULL),
(46, '2794.00', '2800.00', '6.00', 880, 'milk, lunch', 250, 630, '2020-02-23', NULL),
(47, '2800.00', '2805.00', '5.00', 1050, 'milk,lunch', 150, 900, '2020-02-24', '2020-07-03'),
(48, '2805.00', '2809.00', '4.00', 760, 'lunch', 50, 710, '2020-02-25', '2020-07-03'),
(49, '2809.00', '2812.00', '3.00', 535, 'milk, lunch', 150, 385, '2020-02-26', NULL),
(50, '2812.00', '2816.00', '4.00', 450, 'lunch', 50, 400, '2020-02-27', NULL),
(51, '2816.00', '2820.00', '4.00', 520, 'lunch', 50, 470, '2020-02-28', NULL),
(52, '2820.00', '2827.00', '7.00', 975, 'milk, lunch', 250, 725, '2020-02-29', NULL),
(53, '2827.00', '2828.00', '1.00', 105, 'lunch', 50, 55, '2020-03-02', NULL),
(54, '2827.00', '2829.00', '2.00', 165, 'milk', 90, 75, '2020-03-03', NULL),
(55, '2829.00', '2831.00', '2.00', 360, 'cleaning, lunch, milk', 250, 110, '2020-03-04', NULL),
(56, '2831.00', '2883.00', '52.00', 360, 'milk, lunch', 150, 210, '2020-03-05', NULL),
(57, '2833.00', '2836.00', '3.00', 425, 'lunch,cleaning', 150, 275, '2020-03-06', NULL),
(58, '2836.00', '2842.00', '6.00', 450, 'milk, lunch', 250, 200, '2020-03-07', NULL),
(59, '2842.00', '2845.00', '3.00', 575, 'cleaning, lunch, milk', 250, 325, '2020-03-09', NULL),
(60, '2846.00', '2848.00', '2.00', 230, 'cleaning,milk', 160, 70, '2020-03-10', NULL),
(61, '2848.00', '2850.00', '2.00', 265, 'milk, lunch', 150, 115, '2020-03-11', NULL),
(62, '2850.00', '2854.00', '4.00', 655, 'lunch', 50, 605, '2020-03-12', NULL),
(63, '2857.00', '2861.00', '4.00', 410, 'milk, lunch', 150, 260, '2020-03-13', NULL),
(64, '2861.00', '2865.00', '4.00', 820, 'cleaning, milk, lunch', 250, 570, '2020-03-16', NULL),
(65, '2865.00', '2870.00', '5.00', 580, 'milk, lunch', 150, 430, '2020-03-17', NULL),
(66, '2870.00', '2874.00', '4.00', 430, 'milk,lunch', 150, 280, '2020-03-18', NULL),
(67, '2874.00', '2878.00', '4.00', 370, 'milk, lunch', 150, 220, '2020-03-19', NULL),
(68, '2878.00', '2884.00', '6.00', 605, 'milk, lunch', 150, 455, '2020-03-20', NULL),
(69, '2884.00', '2887.00', '3.00', 455, 'cleaning, milk, lunch', 250, 205, '2020-03-21', NULL),
(70, '2887.00', '2891.00', '4.00', 435, 'milk, lunch', 150, 285, '2020-03-23', NULL),
(71, '2891.00', '2894.00', '3.00', 470, 'lunch', 320, 150, '2020-03-24', NULL),
(72, '2894.00', '2897.00', '3.00', 415, 'lunch', 50, 365, '2020-03-25', NULL),
(73, '2897.00', '2900.00', '3.00', 455, 'cleaning, lunch', 150, 305, '2020-03-26', NULL),
(74, '2900.00', '2901.00', '1.00', 55, 'none', 0, 55, '2020-03-27', NULL),
(75, '2901.00', '2903.00', '2.00', 135, 'lunch', 50, 85, '2020-03-28', NULL),
(76, '2903.00', '2906.00', '3.00', 230, 'cleaning, lunch', 150, 80, '2020-03-30', NULL),
(77, '2906.00', '2909.00', '3.00', 315, 'lunch', 50, 265, '2020-03-31', NULL),
(78, '2909.00', '2912.00', '3.00', 360, 'milk, cleaning, lunch', 250, 110, '2020-04-01', NULL),
(79, '2912.00', '2915.00', '3.00', 340, 'lunch', 50, 290, '2020-04-02', NULL),
(80, '2915.00', '2918.00', '3.00', 335, 'lunch', 50, 285, '2020-04-03', NULL),
(81, '2918.00', '2923.00', '5.00', 455, 'lunch', 50, 405, '2020-04-04', NULL),
(82, '2923.00', '2926.00', '3.00', 355, 'lunch', 50, 305, '2020-04-06', NULL),
(83, '2926.00', '2930.00', '4.00', 315, 'lunch', 50, 265, '2020-04-07', NULL),
(84, '2930.00', '2933.00', '3.00', 280, 'lunch', 50, 230, '2020-04-08', NULL),
(85, '2933.00', '2937.00', '4.00', 385, 'lunch', 50, 335, '2020-04-09', NULL),
(86, '2937.00', '2942.00', '5.00', 375, 'cleaning, lunch', 150, 225, '2020-04-10', NULL),
(87, '2942.00', '2944.00', '2.00', 425, 'lunch', 50, 375, '2020-04-11', NULL),
(88, '2944.00', '2947.00', '3.00', 375, 'lunch', 50, 325, '2020-04-13', NULL),
(89, '2947.00', '2950.00', '3.00', 470, 'lunch', 50, 420, '2020-04-14', NULL),
(90, '2950.00', '2951.00', '1.00', 185, 'lunch', 50, 135, '2020-04-15', NULL),
(91, '2951.00', '2955.00', '4.00', 455, 'lunch', 50, 405, '2020-04-16', NULL),
(92, '2955.00', '2958.00', '3.00', 420, 'lunch, milk', 150, 270, '2020-04-17', NULL),
(93, '2958.00', '2960.00', '2.00', 330, 'lunch', 50, 280, '2020-04-18', NULL),
(94, '2960.00', '2962.00', '2.00', 285, 'lunch', 50, 235, '2020-04-20', NULL),
(95, '2962.00', '2963.00', '1.00', 140, 'lunch', 50, 90, '2020-04-21', NULL),
(96, '2963.00', '2964.00', '1.00', 125, 'lunch', 50, 75, '2020-04-22', NULL),
(97, '2964.00', '2965.00', '1.00', 105, 'lunch', 50, 55, '2020-04-24', NULL),
(98, '2965.00', '2966.00', '1.00', 60, 'lunch', 0, 60, '2020-04-25', NULL),
(99, '2966.00', '2968.00', '2.00', 250, 'lunch, cleaning', 150, 100, '2020-04-27', NULL),
(100, '2968.00', '2970.00', '2.00', 275, 'lunch, cleaning', 150, 125, '2020-04-28', NULL),
(101, '2970.00', '2972.00', '2.00', 250, 'lunch', 50, 200, '2020-04-29', NULL),
(102, '2972.00', '2973.00', '1.00', 320, 'lunch', 50, 270, '2020-04-30', NULL),
(103, '2974.00', '2975.00', '1.00', 180, 'lunch', 50, 130, '2020-05-01', NULL),
(104, '2975.00', '2978.00', '3.00', 250, 'lunch', 150, 100, '2020-05-02', NULL),
(105, '2978.00', '2981.00', '3.00', 370, 'lunch, cleaning, milk', 250, 120, '2020-05-04', NULL),
(106, '2982.00', '2984.00', '2.00', 425, 'lunch, milk', 150, 275, '2020-05-05', NULL),
(107, '2985.00', '2986.00', '1.00', 300, 'lunch', 50, 250, '2020-05-06', NULL),
(108, '2987.00', '2988.00', '1.00', 305, 'lunch', 50, 255, '2020-05-07', NULL),
(109, '2989.00', '2991.00', '2.00', 380, 'lunch, milk', 50, 330, '2020-05-08', '2020-07-04'),
(110, '2991.00', '2994.00', '3.00', 560, 'lunch', 50, 510, '2020-05-09', NULL),
(111, '2994.00', '2996.00', '2.00', 375, 'lunch, cleaning', 150, 225, '2020-05-11', NULL),
(112, '2997.00', '2999.00', '2.00', 325, 'lunch', 50, 275, '2020-05-12', NULL),
(113, '3000.00', '3003.00', '3.00', 460, 'lunch', 50, 410, '2020-05-13', NULL),
(114, '3004.00', '3006.00', '2.00', 305, 'lunch', 50, 255, '2020-05-14', NULL),
(115, '3006.00', '3008.00', '2.00', 370, 'lunch', 50, 320, '2020-05-15', NULL),
(116, '3009.00', '3011.00', '2.00', 455, 'lunch', 50, 405, '2020-05-16', NULL),
(117, '3012.00', '3013.00', '1.00', 505, 'lunch, cleaning', 250, 255, '2020-05-18', NULL),
(118, '3014.00', '3015.00', '1.00', 305, 'lunch', 50, 255, '2020-05-19', NULL),
(119, '3015.00', '3018.00', '3.00', 410, 'lunch, cleaning', 150, 260, '2020-05-20', NULL),
(120, '3019.00', '3020.00', '1.00', 385, 'lunch, token, cleaning', 150, 235, '2020-05-21', NULL),
(121, '3021.00', '3023.00', '2.00', 410, 'lunch, cleaning', 150, 260, '2020-05-22', NULL),
(122, '3024.00', '3025.00', '1.00', 320, 'lunch, cleaning', 150, 170, '2020-05-23', NULL),
(123, '3026.00', '3028.00', '2.00', 410, 'lunch,cleaning', 150, 260, '2020-05-25', '2020-07-04'),
(124, '3029.00', '3032.00', '3.00', 320, 'lunch, cleaning', 150, 170, '2020-05-26', NULL),
(125, '3033.00', '3037.00', '4.00', 540, 'lunch, cleaning', 150, 390, '2020-05-27', NULL),
(126, '3038.00', '3042.00', '4.00', 560, 'lunch, cleaning', 150, 410, '2020-05-28', NULL),
(127, '3043.00', '3045.00', '2.00', 375, 'lunch, cleaning', 150, 225, '2020-05-29', NULL),
(128, '3046.00', '3050.00', '4.00', 650, 'lunch,cleaning', 150, 500, '2020-05-30', '2020-07-04'),
(129, '3051.00', '3053.00', '2.00', 475, 'lunch', 100, 375, '2020-06-01', NULL),
(130, '3054.00', '3055.00', '1.00', 410, 'lunch, cleaning', 150, 260, '2020-06-02', NULL),
(131, '3055.00', '3056.00', '1.00', 530, 'lunch, clenaing', 150, 380, '2020-06-03', NULL),
(132, '3057.00', '3058.00', '1.00', 460, 'lunch', 50, 410, '2020-06-04', NULL),
(133, '3058.00', '3060.00', '2.00', 380, 'lunch', 50, 330, '2020-06-05', NULL),
(134, '3060.00', '3063.00', '3.00', 675, 'lunnch, cleaning', 100, 575, '2020-06-06', NULL),
(135, '3063.00', '3065.00', '2.00', 410, 'lunch, cleaning', 150, 260, '2020-06-08', NULL),
(136, '3066.00', '3068.00', '2.00', 310, 'lunch, cleaning', 150, 160, '2020-06-09', NULL),
(137, '3068.00', '3069.00', '1.00', 255, 'lunch', 50, 205, '2020-06-10', NULL),
(138, '3070.00', '3072.00', '2.00', 445, 'lunch, cleaning', 150, 295, '2020-06-11', NULL),
(139, '3072.00', '3075.00', '3.00', 470, 'lunch, cleaning', 150, 320, '2020-06-12', NULL),
(140, '3075.00', '3076.00', '1.00', 255, 'lunch, cleaning', 150, 105, '2020-06-13', NULL),
(141, '3077.00', '3079.00', '2.00', 310, 'lunch, cleaning', 150, 160, '2020-06-15', NULL),
(142, '3079.00', '3081.00', '2.00', 315, 'lunch, cleaning', 150, 165, '2020-06-16', NULL),
(143, '3081.00', '3084.00', '3.00', 470, 'lunch, cleaning', 150, 320, '2020-06-17', NULL),
(144, '3085.00', '3089.00', '4.00', 650, 'lunch, cleaning', 150, 500, '2020-06-18', NULL),
(145, '3089.00', '3092.00', '3.00', 435, 'lunch, cleaning', 150, 285, '2020-06-19', NULL),
(146, '3092.00', '3095.00', '3.00', 855, 'lunch, cleaning', 150, 705, '2020-06-20', NULL),
(147, '3095.00', '3099.00', '4.00', 600, 'lunch, cleaning', 150, 450, '2020-06-22', NULL),
(148, '3099.00', '3102.00', '3.00', 605, 'lunch, cleaning', 150, 455, '2020-06-23', NULL),
(149, '3102.00', '3104.00', '2.00', 480, 'lunch, cleaning', 150, 330, '2020-06-24', NULL),
(150, '3104.00', '3107.00', '3.00', 610, 'lunch, cleaning', 150, 460, '2020-06-25', NULL),
(151, '3107.00', '3110.00', '3.00', 615, 'lunch, milk', 150, 465, '2020-06-26', NULL),
(152, '3110.00', '3114.00', '4.00', 670, 'cleaning,lunch', 150, 520, '2020-06-27', NULL),
(153, '3115.00', '3119.00', '4.00', 510, 'lunch, cleaning', 150, 360, '2020-06-29', NULL),
(154, '3119.00', '3122.00', '3.00', 515, 'lunch, milk', 150, 365, '2020-06-30', NULL),
(155, '3122.00', '3126.00', '4.00', 585, 'lunch, cleaning', 150, 435, '2020-07-01', NULL),
(156, '3126.00', '3129.00', '3.00', 435, 'lunch,cleaning', 150, 285, '2020-07-02', NULL),
(157, '3129.00', '3131.00', '2.00', 385, 'lunch, cleaning', 150, 235, '2020-07-03', NULL),
(159, '3131.00', '3135.00', '4.00', 610, 'cleaning, lunch', 150, 460, '2020-07-04', NULL),
(160, '3135.00', '3139.00', '4.00', 615, 'cleaning, lunch', 200, 415, '2020-07-06', NULL),
(161, '3139.00', '3142.00', '3.00', 575, 'sugar, cleaning', 150, 425, '2020-07-07', NULL),
(162, '3142.00', '3144.00', '2.00', 405, 'cleaning, lunch', 150, 255, '2020-07-08', NULL),
(163, '3144.00', '3147.00', '3.00', 430, 'cleaning, lunch', 150, 280, '2020-07-09', NULL),
(164, '3147.00', '3150.00', '3.00', 465, 'cleaning, lunch', 150, 315, '2020-07-10', NULL),
(165, '3150.00', '3156.00', '6.00', 610, 'cleaning, lunch', 150, 460, '2020-07-11', NULL),
(166, '3156.00', '3160.00', '4.00', 655, 'detergent, cleaning, lunch', 250, 405, '2020-07-13', NULL),
(167, '3160.00', '3165.00', '5.00', 510, 'cc, lunch', 150, 360, '2020-07-14', NULL),
(168, '3165.00', '3167.00', '2.00', 310, 'cleaning, lunch', 150, 160, '2020-07-15', NULL),
(169, '3167.00', '3170.00', '3.00', 415, 'cc, lunch', 150, 265, '2020-07-16', NULL);

-- --------------------------------------------------------

--
-- Table structure for table `mcustomer_sales`
--

CREATE TABLE `mcustomer_sales` (
  `mr_id` int(11) NOT NULL,
  `bill_no` varchar(12) NOT NULL,
  `client_id` int(6) NOT NULL,
  `client_name` varchar(255) NOT NULL,
  `i_reading` decimal(19,2) NOT NULL DEFAULT '0.00',
  `f_reading` decimal(19,2) NOT NULL DEFAULT '0.00',
  `units` decimal(19,2) NOT NULL,
  `rate_per_unit` int(6) NOT NULL,
  `Amount` int(6) NOT NULL,
  `Expected_amount` decimal(19,2) NOT NULL,
  `amount_due` decimal(19,2) NOT NULL DEFAULT '0.00',
  `quittance` decimal(19,2) NOT NULL DEFAULT '0.00',
  `start_date` date NOT NULL,
  `end_date` date NOT NULL,
  `days_unit_spent` int(12) NOT NULL,
  `updated_date` date DEFAULT NULL
) ENGINE=MyISAM DEFAULT CHARSET=utf8mb4;

--
-- Dumping data for table `mcustomer_sales`
--

INSERT INTO `mcustomer_sales` (`mr_id`, `bill_no`, `client_id`, `client_name`, `i_reading`, `f_reading`, `units`, `rate_per_unit`, `Amount`, `Expected_amount`, `amount_due`, `quittance`, `start_date`, `end_date`, `days_unit_spent`, `updated_date`) VALUES
(3, '', 5, 'ARNOLD NGARE', '954.00', '961.00', '7.00', 200, 1400, '1400.00', '0.00', '0.00', '2019-12-31', '2020-01-30', 30, NULL),
(4, '', 5, 'ARNOLD NGARE', '961.00', '969.00', '8.00', 200, 1600, '1600.00', '0.00', '0.00', '2020-01-31', '2020-02-29', 29, NULL),
(5, '', 5, 'ARNOLD NGARE', '969.00', '975.00', '6.00', 200, 1200, '1200.00', '0.00', '0.00', '2020-02-29', '2020-03-31', 31, NULL),
(6, '', 5, 'ARNOLD NGARE', '975.00', '982.00', '7.00', 200, 1400, '1400.00', '0.00', '0.00', '2020-03-31', '2020-04-30', 30, NULL),
(7, '', 5, 'ARNOLD NGARE', '982.00', '988.00', '6.00', 200, 1200, '1200.00', '0.00', '0.00', '2020-04-30', '2020-05-31', 31, NULL),
(8, '', 5, 'ARNOLD NGARE', '988.00', '996.00', '8.00', 200, 1600, '1600.00', '0.00', '0.00', '2020-05-31', '2020-06-30', 30, NULL),
(9, '', 7, 'ALEXANDER MATIVO', '2959.00', '3002.00', '43.00', 200, 8600, '8600.00', '0.00', '0.00', '2019-12-31', '2020-01-31', 31, NULL),
(10, '', 7, 'ALEXANDER MATIVO', '3002.00', '3061.00', '59.00', 200, 11800, '11800.00', '0.00', '0.00', '2020-01-31', '2020-02-29', 29, NULL),
(14, 'Bill-2980', 8, 'FAITH SIMON', '2979.00', '3001.00', '22.00', 150, 3300, '3300.00', '0.00', '0.00', '2019-12-31', '2020-01-31', 31, NULL),
(15, 'Bill-5333', 10, 'BARNABAS BARN', '1422.00', '1481.00', '59.00', 150, 8850, '8850.00', '0.00', '0.00', '2019-12-31', '2020-01-31', 31, NULL),
(16, 'Bill-84', 11, 'PURITY MUTUKU', '5695.00', '5703.00', '8.00', 150, 1200, '1200.00', '0.00', '0.00', '2020-01-31', '2020-02-29', 29, NULL),
(17, 'Bill-323', 8, 'FAITH SIMON', '3001.00', '3035.00', '34.00', 150, 5100, '5100.00', '0.00', '0.00', '2020-01-31', '2020-02-29', 29, NULL),
(18, 'Bill-3323', 7, 'ALEXANDER MATIVO', '3061.00', '3111.00', '50.00', 200, 10000, '10000.00', '0.00', '0.00', '2020-02-29', '2020-03-31', 31, NULL),
(19, 'Bill-23632', 8, 'FAITH SIMON', '3035.00', '3055.00', '20.00', 150, 3000, '3000.00', '0.00', '0.00', '2020-02-29', '2020-03-31', 31, NULL),
(20, 'Bill-33026', 7, 'ALEXANDER MATIVO', '3111.00', '3157.00', '46.00', 200, 9200, '9200.00', '0.00', '0.00', '2020-03-31', '2020-04-30', 30, NULL),
(21, 'Bill-433', 8, 'FAITH SIMON', '3055.00', '3070.00', '15.00', 150, 2250, '2250.00', '0.00', '0.00', '2020-03-31', '2020-04-30', 30, NULL),
(22, 'Bill-02225', 10, 'BARNABAS BARN', '1592.00', '1645.00', '53.00', 150, 7950, '7950.00', '0.00', '0.00', '2020-03-31', '2020-04-30', 30, NULL),
(23, 'Bill-33223', 7, 'ALEXANDER MATIVO', '3157.00', '3205.00', '48.00', 200, 9600, '9600.00', '0.00', '0.00', '2020-04-30', '2020-05-31', 31, NULL),
(24, 'Bill-2222', 8, 'FAITH SIMON', '3070.00', '3087.00', '17.00', 150, 2550, '2550.00', '0.00', '0.00', '2020-04-30', '2020-05-31', 31, NULL),
(25, 'Bill-0303', 10, 'BARNABAS BARN', '1645.00', '1687.00', '42.00', 150, 6300, '6300.00', '0.00', '0.00', '2020-04-30', '2020-05-31', 31, NULL),
(26, 'Bill-702', 7, 'ALEXANDER MATIVO', '3205.00', '3250.00', '45.00', 200, 9000, '9000.00', '0.00', '0.00', '2020-05-31', '2020-06-30', 30, NULL),
(27, 'Bill-33222', 11, 'PURITY MUTUKU', '5703.00', '5779.00', '76.00', 150, 9880, '11400.00', '1520.00', '0.00', '2020-05-31', '2020-06-30', 30, NULL),
(28, 'Bill-33222', 10, 'BARNABAS BARN', '1687.00', '1733.00', '46.00', 150, 6900, '6900.00', '0.00', '0.00', '2020-05-31', '2020-06-30', 30, NULL);

-- --------------------------------------------------------

--
-- Table structure for table `monthly_clients`
--

CREATE TABLE `monthly_clients` (
  `mc_id` int(6) NOT NULL,
  `fname` varchar(20) NOT NULL,
  `lname` varchar(20) NOT NULL,
  `biz_name` varchar(50) NOT NULL,
  `rate_unit` int(6) NOT NULL,
  `email` varchar(100) NOT NULL,
  `tel_phone` varchar(12) NOT NULL,
  `date_registered` date NOT NULL
) ENGINE=MyISAM DEFAULT CHARSET=utf8mb4;

--
-- Dumping data for table `monthly_clients`
--

INSERT INTO `monthly_clients` (`mc_id`, `fname`, `lname`, `biz_name`, `rate_unit`, `email`, `tel_phone`, `date_registered`) VALUES
(5, 'ARNOLD', 'NGARE', 'NGARE', 200, '', '254703497449', '2020-07-17'),
(7, 'ALEXANDER', 'MATIVO', 'MASHA', 200, '', '254722353964', '2020-07-17'),
(8, 'FAITH', 'SIMON', 'COOL  BREEZE', 150, '', '254702403232', '2020-07-17'),
(11, 'PURITY', 'MUTUKU', 'PURITY', 150, '', '254722832962', '2020-07-17'),
(10, 'BARNABAS', 'BARN', 'CARWASH', 150, '', '254722335640', '2020-07-17');

--
-- Indexes for dumped tables
--

--
-- Indexes for table `admin_user`
--
ALTER TABLE `admin_user`
  ADD PRIMARY KEY (`a_id`);

--
-- Indexes for table `daily_sales`
--
ALTER TABLE `daily_sales`
  ADD PRIMARY KEY (`dr_id`);

--
-- Indexes for table `mcustomer_sales`
--
ALTER TABLE `mcustomer_sales`
  ADD PRIMARY KEY (`mr_id`);

--
-- Indexes for table `monthly_clients`
--
ALTER TABLE `monthly_clients`
  ADD PRIMARY KEY (`mc_id`);

--
-- AUTO_INCREMENT for dumped tables
--

--
-- AUTO_INCREMENT for table `admin_user`
--
ALTER TABLE `admin_user`
  MODIFY `a_id` int(11) NOT NULL AUTO_INCREMENT, AUTO_INCREMENT=4;

--
-- AUTO_INCREMENT for table `daily_sales`
--
ALTER TABLE `daily_sales`
  MODIFY `dr_id` int(6) NOT NULL AUTO_INCREMENT, AUTO_INCREMENT=170;

--
-- AUTO_INCREMENT for table `mcustomer_sales`
--
ALTER TABLE `mcustomer_sales`
  MODIFY `mr_id` int(11) NOT NULL AUTO_INCREMENT, AUTO_INCREMENT=29;

--
-- AUTO_INCREMENT for table `monthly_clients`
--
ALTER TABLE `monthly_clients`
  MODIFY `mc_id` int(6) NOT NULL AUTO_INCREMENT, AUTO_INCREMENT=12;
COMMIT;

/*!40101 SET CHARACTER_SET_CLIENT=@OLD_CHARACTER_SET_CLIENT */;
/*!40101 SET CHARACTER_SET_RESULTS=@OLD_CHARACTER_SET_RESULTS */;
/*!40101 SET COLLATION_CONNECTION=@OLD_COLLATION_CONNECTION */;
